prompt_id;category;prompt
0001;Creative storytelling;Write a 200-250 word fantasy scene where a character discovers they have magical abilities for the first time.
0002;Creative storytelling;Create a 200-250 word science fiction excerpt about a character's first encounter with an alien species.
0003;Creative storytelling;Compose a 200-250 word historical fiction passage set during the French Revolution from the perspective of a child.
0004;Creative storytelling;Write a 200-250 word romance scene where two strangers meet during an unexpected travel delay.
0005;Creative storytelling;Create a 200-250 word mystery opening where a detective discovers an unusual clue at a seemingly ordinary crime scene.
0006;Creative storytelling;Compose a 200-250 word horror scene set in an abandoned hospital where strange noises are heard.
0007;Creative storytelling;Write a 200-250 word comedy scene featuring a character experiencing a case of mistaken identity at an important event.
0008;Creative storytelling;Create a 200-250 word literary fiction excerpt exploring a character's internal conflict about a life-changing decision.
0010;Creative storytelling;Write a 200-250 word dystopian society introduction showing everyday life under technological surveillance.
0011;Creative storytelling;Create a 200-250 word Western scene featuring a tense standoff between a sheriff and outlaw at high noon.
0012;Creative storytelling;Compose a 200-250 word crime fiction excerpt where a meticulously planned heist goes catastrophically wrong.
0013;Creative storytelling;Write a 200-250 word magical realism passage where ordinary reality blends with supernatural elements in a city market.
0014;Creative storytelling;Create a 200-250 word urban fantasy scene featuring a supernatural creature hiding among humans in modern society.
0015;Creative storytelling;Compose a 200-250 word steampunk excerpt introducing a Victorian-era inventor's revolutionary but dangerous creation.
0016;Creative storytelling;Write a 200-250 word cyberpunk passage describing a character navigating a neon-lit megalopolis controlled by corporations.
0017;Creative storytelling;Create a 200-250 word fairy tale beginning that puts a dark twist on a familiar children's story.
0018;Creative storytelling;Compose a 200-250 word superhero origin story for a character with unusual or limited powers.
0019;Creative storytelling;Write a 200-250 word military fiction scene depicting soldiers preparing for a dangerous night mission.
0020;Creative storytelling;Create a 200-250 word paranormal encounter between a skeptical investigator and an unexplainable presence.
0021;Creative storytelling;Compose a 200-250 word post-apocalyptic scene showing survivors foraging in the ruins of a once-great city.
0022;Creative storytelling;Write a 200-250 word young adult excerpt where a teenager discovers a life-changing secret about their family.
0023;Creative storytelling;Create a 200-250 word children's story scene featuring talking animals solving a problem in their forest community.
0024;Creative storytelling;Compose a 200-250 word gothic fiction passage describing a mysterious mansion and its foreboding atmosphere.
0025;Creative storytelling;Write a 200-250 word noir detective monologue introducing a case that seems routine but isn't.
0026;Creative storytelling;Create a 200-250 word detailed character description for an antihero with complex motivations and a troubled past.
0027;Creative storytelling;Compose a 200-250 word elaborate fantasy world description focusing on its unique magic system and limitations.
0028;Creative storytelling;Write a 200-250 word scene showing the emotional aftermath of a character making a morally difficult decision.
0029;Creative storytelling;Create a 200-250 word action sequence of a character escaping pursuit through a crowded marketplace.
0030;Creative storytelling;Compose a 200-250 word dialogue between two characters with opposing ethical viewpoints on a controversial issue.
0031;Creative storytelling;Write a 200-250 word character introduction for a villain that makes them sympathetic without excusing their actions.
0032;Creative storytelling;Create a 200-250 word flashback revealing a character's traumatic childhood experience that shaped them.
0033;Creative storytelling;Compose a 200-250 word scene showing an unexpected plot twist that changes everything the reader understood.
0034;Creative storytelling;Write a 200-250 word story opening with a hook that raises intriguing questions about the protagonist's circumstances.
0035;Creative storytelling;Create a 200-250 word story conclusion that resolves the central conflict while leaving room for interpretation.
0036;Creative storytelling;Compose a 200-250 word inner monologue of a character making a difficult moral choice with no good options.
0037;Creative storytelling;Write a 200-250 word scene establishing tension between family members at a holiday gathering.
0038;Creative storytelling;Create a 200-250 word climactic confrontation between protagonist and antagonist with high emotional stakes.
0039;Creative storytelling;Compose a 200-250 word excerpt written from the perspective of a non-human entity observing humanity.
0040;Creative storytelling;Write a 200-250 word scene where a character's fatal flaw leads to a critical mistake with serious consequences.
0041;Creative storytelling;Create a 200-250 word scene showing a character experiencing a profound transformation or spiritual revelation.
0043;Creative storytelling;Write a 200-250 word scene where the setting itself functions as an antagonistic force against the characters.
0044;Creative storytelling;Create a 200-250 word passage where dialogue alone reveals a character's background without explicit exposition.
0045;Creative storytelling;Compose a 200-250 word scene depicting a character's first day in an entirely new culture or society.
0046;Creative storytelling;Write a 200-250 word suspenseful scene where a character hides from danger in plain sight.
0047;Creative storytelling;Create a 200-250 word passage using sensory details to bring an unusual environment to life for the reader.
0048;Creative storytelling;Compose a 200-250 word scene showing two characters falling in love without explicitly stating their feelings.
0049;Creative storytelling;Write a 200-250 word humorous encounter between characters from vastly different backgrounds trying to collaborate.
0050;Creative storytelling;Create a 200-250 word passage describing an epic battle scene focusing on one character's experience.
0051;Creative storytelling;Compose a 200-250 word scene showing a character facing their greatest fear in order to save someone else.
0052;Creative storytelling;Write a 200-250 word opening for a mystery where the first-person narrator is secretly the culprit.
0053;Creative storytelling;Create a 200-250 word scene depicting the moment a character realizes they've been betrayed by someone they trusted.
0054;Creative storytelling;Compose a 200-250 word passage showing a character struggling with addiction in a fantasy or science fiction context.
0055;Creative storytelling;Write a 200-250 word scene set entirely inside a character's symbolic or prophetic dream.
0056;Creative storytelling;Create a 200-250 word passage showing the aftermath of a natural disaster from a child's perspective.
0057;Creative storytelling;Compose a 200-250 word scene where technology malfunctions at the worst possible moment during a crisis.
0058;Creative storytelling;Write a 200-250 word first contact scene between humans and an intelligent alien species with different values.
0059;Creative storytelling;Create a 200-250 word passage describing a fantastic creature in detail from the perspective of a zoologist.
0060;Creative storytelling;Compose a 200-250 word scene showing a character experiencing overwhelming grief that manifests in an unusual way.
0061;Creative storytelling;Write a 200-250 word dialogue between a mentor and apprentice revealing the mentor's unconventional philosophy.
0062;Creative storytelling;Create a 200-250 word scene showing the unintended consequences of a character's well-intentioned actions.
0063;Creative storytelling;Compose a 200-250 word passage describing an underwater civilization and its unique adaptations to ocean life.
0064;Creative storytelling;Write a 200-250 word scene depicting a character's first disorienting experience with a virtual reality world.
0065;Creative storytelling;Create a 200-250 word scene showing two characters reconnecting after many years of separation and change.
0066;Creative storytelling;Compose a 200-250 word passage where a character discovers evidence that changes everything they believed about their world.
0067;Creative storytelling;Write a 200-250 word scene set in a post-human world where nature has reclaimed urban environments.
0068;Creative storytelling;Create a 200-250 word passage depicting a unique cultural celebration in a fictional society with its own traditions.
0069;Creative storytelling;Compose a 200-250 word scene showing a character trying to blend into a society with customs very different from their own.
0070;Creative storytelling;Write a 200-250 word passage telling a complete story with beginning, middle, and end about a small but meaningful event.
0071;Creative storytelling;Create a 200-250 word scene showing a character making a personal sacrifice for someone they love despite the cost.
0072;Creative storytelling;Compose a 200-250 word passage showing a character's emotional connection to their ancestral homeland upon first visit.
0073;Creative storytelling;Write a 200-250 word scene depicting the precise moment a character realizes they've fallen in love unexpectedly.
0074;Creative storytelling;Create a 200-250 word passage showing a character experiencing extreme culture shock in an alien environment.
0075;Creative storytelling;Compose a 200-250 word scene where non-verbal communication is crucial between characters who don't share a language.
0076;Creative storytelling;Write a 200-250 word passage describing a fantastical transportation method and a character's first experience using it.
0077;Creative storytelling;Create a 200-250 word scene showing characters preparing for an approaching disaster they cannot prevent.
0079;Creative storytelling;Write a 200-250 word scene showing a character discovering a hidden society existing alongside the known world.
0080;Creative storytelling;Create a 200-250 word passage depicting daily life aboard a generation ship traveling through deep space.
0081;Creative storytelling;Compose a 200-250 word scene showing a character confronting their own mortality after a near-death experience.
0082;Creative storytelling;Write a 200-250 word passage depicting a world where a crucial historical event had a different outcome than in our reality.
0083;Creative storytelling;Create a 200-250 word scene showing an emotionally charged reunion between estranged family members.
0084;Creative storytelling;Compose a 200-250 word passage showing a character adjusting to a sudden physical disability in a fantasy setting.
0085;Creative storytelling;Write a 200-250 word scene depicting a character's first time using newly-discovered superhuman abilities.
0086;Creative storytelling;Create a 200-250 word passage showing the beginning stages of an epidemic or plague in a closed community.
0087;Creative storytelling;Compose a 200-250 word scene depicting a character's moral compromise for survival in a desperate situation.
0088;Creative storytelling;Write a 200-250 word passage showing a character's ingenious escape from captivity using limited resources.
0089;Creative storytelling;Create a 200-250 word scene depicting a character experiencing extreme weather phenomena with magical properties.
0090;Creative storytelling;Compose a 200-250 word passage describing an ancient ritual with unexpected consequences for its participants.
0091;Creative storytelling;Write a 200-250 word scene showing a character's gradual realization that they're being manipulated by someone close to them.
0092;Creative storytelling;Create a 200-250 word passage depicting a character's first day in a new job in a fantastical or futuristic setting.
0093;Creative storytelling;Compose a 200-250 word scene showing a character discovering their true identity is completely different than they believed.
0094;Creative storytelling;Write a 200-250 word passage depicting a character with an unusual perception of reality due to enhanced senses.
0095;Creative storytelling;Create a 200-250 word scene showing a fateful meeting between characters whose destinies become intertwined.
0096;Creative storytelling;Compose a 200-250 word passage describing an unusual method of communication between different species.
0097;Creative storytelling;Write a 200-250 word scene showing a character returning to their hometown to find it dramatically changed.
0098;Creative storytelling;Create a 200-250 word passage depicting a character learning a difficult truth about a loved one's secret past.
0099;Creative storytelling;Compose a 200-250 word scene showing a character's desperate attempt to hide evidence of a terrible mistake.
0100;Creative storytelling;Write a 200-250 word passage depicting a character's first disorienting experience with time travel.
0101;Creative storytelling;Create a 200-250 word dialogue that reveals a character's dark secret without explicitly stating what it is.
0102;Creative storytelling;Compose a 200-250 word scene focusing on scent descriptions in a unique environment like an alien market.
0103;Creative storytelling;Write a 200-250 word passage using only body language to reveal characters' true feelings despite their words.
0104;Creative storytelling;Create a 200-250 word scene showing an immortal character's perspective on human relationships and mortality.
0105;Creative storytelling;Compose a 200-250 word passage depicting a character's struggle with identity in a society that fundamentally rejects them.
0106;Creative storytelling;Write a 200-250 word scene using weather as a metaphor for a character's volatile emotional state.
0107;Creative storytelling;Create a 200-250 word passage written entirely in dialogue that tells a complete story between two characters.
0108;Creative storytelling;Compose a 200-250 word scene depicting a seemingly utopian society with a hidden dark secret.
0109;Creative storytelling;Write a 200-250 word passage showing a character's internal thoughts before making a life-changing decision.
0110;Creative storytelling;Create a 200-250 word scene showing the clash between ancient traditions and modern values in a changing society.
0111;Creative storytelling;Compose a 200-250 word passage depicting a character with mind-reading abilities experiencing sensory overload in a crowd.
0112;Creative storytelling;Write a 200-250 word scene depicting a heist from the perspective of the security system or building itself.
0113;Creative storytelling;Create a 200-250 word passage showing a character discovering a magical object hidden in an ordinary household item.
0114;Creative storytelling;Compose a 200-250 word scene showing a child's perspective on complex adult conflicts they don't fully understand.
0115;Creative storytelling;Write a 200-250 word passage depicting a character isolated in an extreme environment like Antarctica or a desert.
0116;Creative storytelling;Create a 200-250 word scene showing a technological advancement gone horribly wrong with unexpected consequences.
0117;Creative storytelling;Compose a 200-250 word passage depicting a character's gradual mental breakdown due to supernatural influences.
0118;Creative storytelling;Write a 200-250 word scene showing a tense reunion between former enemies forced to cooperate.
0119;Creative storytelling;Create a 200-250 word passage depicting daily life in a microscopic society existing in an unexpected location.
0120;Creative storytelling;Compose a 200-250 word scene showing a character with synesthesia experiencing the world in a unique sensory way.
0121;Creative storytelling;Write a 200-250 word passage depicting a world where a common physical law (like gravity) works differently.
0122;Creative storytelling;Create a 200-250 word scene showing a character experiencing deja vu with mysterious or supernatural implications.
0124;Creative storytelling;Write a 200-250 word scene showing characters trapped in an elevator with rising tension and conflicting agendas.
0125;Creative storytelling;Create a 200-250 word passage depicting a character's first day living with a supernatural ability they can't control.
0126;Creative storytelling;Compose a 200-250 word scene showing characters navigating political intrigue at a royal court or diplomatic function.
0127;Creative storytelling;Write a 200-250 word passage depicting a world where sleeping and dreaming are considered dangerous or forbidden.
0128;Creative storytelling;Create a 200-250 word scene showing a character's philosophical conversation with a sentient artificial intelligence.
0129;Creative storytelling;Compose a 200-250 word passage depicting a character discovering they're living in a simulation or constructed reality.
0130;Creative storytelling;Write a 200-250 word scene showing a character caught between loyalties during a political or military conflict.
0131;Creative storytelling;Create a 200-250 word passage depicting a coming-of-age ritual in a fantasy society with magical elements.
0133;Creative storytelling;Write a 200-250 word passage depicting a character with enhanced senses experiencing an overwhelming urban environment.
0134;Creative storytelling;Create a 200-250 word scene showing a sacred ritual being performed incorrectly with supernatural consequences.
0135;Creative storytelling;Compose a 200-250 word passage depicting a character's first experience in a zero-gravity environment.
0136;Creative storytelling;Write a 200-250 word scene showing a character whose memories are being systematically erased or altered.
0137;Creative storytelling;Create a 200-250 word passage depicting a world where lying is physically impossible or causes visible changes.
0138;Creative storytelling;Compose a 200-250 word scene showing characters navigating a landscape that rapidly changes around them.
0139;Creative storytelling;Write a 200-250 word passage depicting a character discovering an ability to communicate with plants or inanimate objects.
0140;Creative storytelling;Create a 200-250 word scene showing a character's experience of being caught in a time loop.
0141;Creative storytelling;Compose a 200-250 word passage depicting life in a society where aging has been cured and death is rare.
0142;Creative storytelling;Write a 200-250 word scene showing a character realizing they are not the protagonist of their own story.
0143;Creative storytelling;Create a 200-250 word passage depicting a wedding ceremony that goes disastrously wrong due to supernatural events.
0144;Creative storytelling;Compose a 200-250 word scene showing a sheltered character's first experience of real violence or conflict.
0145;Creative storytelling;Write a 200-250 word passage depicting a world where dreams physically manifest in reality upon waking.
0146;Creative storytelling;Create a 200-250 word scene showing a character discovering historical evidence that changes cultural understanding.
0147;Creative storytelling;Compose a 200-250 word passage depicting a character attempting to communicate with a non-human intelligence.
0148;Creative storytelling;Write a 200-250 word scene showing a character adjusting to a magical or technological enhancement to their body.
0149;Creative storytelling;Create a 200-250 word passage depicting a confrontation between a human and a mythological creature in modern times.
0150;Creative storytelling;Compose a 200-250 word scene showing a character discovering they're a clone or artificial being.
0151;Creative storytelling;Write a 200-250 word passage depicting a character gradually losing their humanity due to a curse or transformation.
0152;Creative storytelling;Create a 200-250 word scene showing the moment when magic returns to a world that had lost it long ago.
0153;Creative storytelling;Compose a 200-250 word passage depicting a character discovering an ancient underground city beneath their home.
0154;Creative storytelling;Write a 200-250 word scene showing characters with deep mutual distrust forced to cooperate during a crisis.
0155;Creative storytelling;Create a 200-250 word passage depicting a character in a society where status is determined by scent or color.
0157;Creative storytelling;Write a 200-250 word passage depicting the moment a character realizes their entire life has been based on a lie.
0158;Creative storytelling;Create a 200-250 word scene showing a character's first day in an afterlife that defies their religious expectations.
0159;Creative storytelling;Compose a 200-250 word passage depicting a society where people can switch bodies temporarily or permanently.
0160;Creative storytelling;Write a 200-250 word scene showing a character coming to terms with a prophecy about their destiny.
0161;Creative storytelling;Create a 200-250 word passage depicting an interrogation where neither party speaks the full truth.
0162;Creative storytelling;Compose a 200-250 word scene showing a character experiencing withdrawal from a fictional drug with magical effects.
0163;Creative storytelling;Write a 200-250 word passage depicting a character's reaction to witnessing their homeland being destroyed.
0164;Creative storytelling;Create a 200-250 word scene showing a unique culinary experience in a fantasy world with exotic ingredients.
0165;Creative storytelling;Compose a 200-250 word passage depicting a character waking after centuries in suspended animation.
0166;Creative storytelling;Write a 200-250 word scene showing a character gradually realizing they're a character in a book or story.
0167;Creative storytelling;Create a 200-250 word passage depicting a world where humans have evolved the ability to photosynthesize.
0168;Creative storytelling;Compose a 200-250 word scene showing a character discovering they've been magically or scientifically resurrected.
0169;Creative storytelling;Write a 200-250 word passage depicting a character's experience of having their consciousness transferred to a machine.
0170;Creative storytelling;Create a 200-250 word scene showing a character realizing they can see glimpses of possible futures.
0171;Creative storytelling;Compose a 200-250 word passage depicting a meeting between a character who ages backwards and someone aging normally.
0172;Creative storytelling;Write a 200-250 word scene showing a character exploring an abandoned space station with signs of a hasty evacuation.
0173;Creative storytelling;Create a 200-250 word passage depicting a world where colors have different magical properties or powers.
0174;Creative storytelling;Compose a 200-250 word scene showing a character discovering they can communicate with the recently deceased.
0175;Creative storytelling;Write a 200-250 word passage depicting a world where music has magical properties that affect physical reality.
0176;Creative storytelling;Create a 200-250 word scene showing a character's internal struggle with their own prejudices in a diverse society.
0177;Creative storytelling;Compose a 200-250 word passage depicting daily life in a society where privacy doesn't exist or is considered immoral.
0178;Creative storytelling;Write a 200-250 word scene showing a character experiencing temporarily enhanced or altered perception of time.
0179;Creative storytelling;Create a 200-250 word passage depicting a character's unexpected encounter with their future self.
0180;Creative storytelling;Compose a 200-250 word scene showing a character's reaction to waking up in someone else's body without explanation.
0181;Creative storytelling;Write a 200-250 word passage depicting life in a city built on the back of a massive, slowly-moving creature.
0183;Creative storytelling;Compose a 200-250 word passage depicting a world where written words physically affect reality when read aloud.
0184;Creative storytelling;Write a 200-250 word scene showing a character discovering that a lifelong enemy is actually a close relative.
0185;Creative storytelling;Create a 200-250 word passage depicting a character's adjustment to a society with completely different gender norms.
0186;Creative storytelling;Compose a 200-250 word scene showing a character learning to use a technological or magical implant for the first time.
0187;Creative storytelling;Write a 200-250 word passage depicting a character's experience of being temporarily invisible in a public space.
0188;Creative storytelling;Create a 200-250 word scene showing a character losing faith in a belief system they've dedicated their life to.
0189;Creative storytelling;Compose a 200-250 word passage depicting a ritual to communicate with nature spirits or elemental beings.
0190;Creative storytelling;Write a 200-250 word scene showing a character's experience of navigating a maze with walls that shift and change.
0191;Creative storytelling;Create a 200-250 word passage depicting a character discovering evidence that they've been reincarnated many times.
0192;Creative storytelling;Compose a 200-250 word scene showing a character's struggle to maintain their individual identity within a hive mind.
0193;Creative storytelling;Write a 200-250 word passage depicting a world where shadows have consciousness and can act independently.
0194;Creative storytelling;Create a 200-250 word scene showing a character discovering their ancestry traces back to a mythical being.
0195;Creative storytelling;Compose a 200-250 word passage depicting a hunt for a legendary creature believed to be extinct.
0196;Creative storytelling;Write a 200-250 word scene showing a character experiencing extreme isolation in an alien environment.
0197;Creative storytelling;Create a 200-250 word passage depicting an encounter with a being from another dimension with different physical laws.
0198;Creative storytelling;Compose a 200-250 word scene showing a character discovering their memories have been selectively altered or replaced.
0199;Creative storytelling;Write a 200-250 word passage depicting a world where emotions are visible as colored auras or tangible elements.
0200;Creative storytelling;Create a 200-250 word scene showing a character discovering an ancient technology far beyond current understanding.
0201;Creative storytelling;Compose a 200-250 word passage depicting a character's first experience with a mind-sharing technology or spell.
0202;Creative storytelling;Write a 200-250 word scene showing a character witnessing a cosmic event that changes their understanding of reality.
0203;Creative storytelling;Create a 200-250 word passage depicting peace negotiations between two fantasy races with fundamentally different values.
0204;Creative storytelling;Compose a 200-250 word scene showing a character discovering their home or dwelling is sentient and aware.
0205;Creative storytelling;Write a 200-250 word passage depicting a world where people's professions or roles are determined by birth characteristics.
0206;Creative storytelling;Create a 200-250 word scene showing a skeptical character's reaction to witnessing an unexplainable miraculous event.
0207;Creative storytelling;Compose a 200-250 word passage depicting a society that communicates primarily through dance or movement patterns.
0208;Creative storytelling;Write a 200-250 word scene showing a leader making a morally ambiguous decision that affects their entire community.
0209;Creative storytelling;Create a 200-250 word passage depicting a character experiencing a form of synesthesia where they can taste sounds.
0210;Creative storytelling;Compose a 200-250 word scene showing a character realizing they're the last surviving member of their species or culture.
0211;Creative storytelling;Write a 200-250 word passage depicting daily life in a world where fresh water has become the most valuable resource.
0212;Creative storytelling;Create a 200-250 word scene showing a character discovering they have an innate ability to manipulate time.
0213;Creative storytelling;Compose a 200-250 word passage depicting a character's disorientation in a world where certain physical laws have changed.
0214;Creative storytelling;Write a 200-250 word scene showing a character discovering a hidden society living undetected within modern civilization.
0215;Creative storytelling;Create a 200-250 word passage depicting a character's realization that they can see mathematical patterns in everything.
0216;Creative storytelling;Compose a 200-250 word scene showing a character's mental resistance to attempted mind control or memory alteration.
0217;Creative storytelling;Write a 200-250 word passage depicting a character's discovery that they are an artificial being with implanted memories.
0218;Creative storytelling;Create a 200-250 word scene showing a human attempting to communicate with a being that experiences time non-linearly.
0219;Creative storytelling;Compose a 200-250 word passage depicting a world where sound has physical properties and can be shaped like matter.
0220;Creative storytelling;Write a 200-250 word scene showing a character's first journey through a portal to another world or dimension.
0221;Creative storytelling;Create a 200-250 word passage depicting a character discovering they are living in an artificial habitat or biodome.
0222;Creative storytelling;Compose a 200-250 word scene showing a character's encounter with a creature that feeds on specific human emotions.
0223;Creative storytelling;Write a 200-250 word passage depicting a society where children hold more political power than adults.
0224;Creative storytelling;Create a 200-250 word scene showing a character's experience during a hibernation or suspended animation process.
0226;Creative storytelling;Write a 200-250 word scene showing a character's first experience with a technology that alters sensory perception.
0227;Creative storytelling;Create a 200-250 word passage depicting a world where people must earn the right to retain memories past childhood.
0228;Creative storytelling;Compose a 200-250 word scene showing a character discovering they can enter and influence others' dreams.
0229;Creative storytelling;Write a 200-250 word passage depicting a character's experience of sharing their body with multiple consciousnesses.
0230;Creative storytelling;Create a 200-250 word scene showing an elaborate coming-of-age ritual in a fantasy culture with magical elements.
0231;Creative storytelling;Compose a 200-250 word passage depicting a society where certain emotions are forbidden and chemically suppressed.
0232;Creative storytelling;Write a 200-250 word scene showing a character discovering a community living in the canopy of a massive forest.
0233;Creative storytelling;Create a 200-250 word passage depicting a character's reaction to learning their reality is a simulation or experiment.
0234;Creative storytelling;Compose a 200-250 word scene showing a character's experience of temporarily inhabiting an animal's body and perception.
0235;Creative storytelling;Write a 200-250 word passage depicting a world where artistic creation directly alters the physical environment.
0236;Creative storytelling;Create a 200-250 word scene showing a character discovering they are the reincarnation of a historical or mythical figure.
0237;Creative storytelling;Compose a 200-250 word passage depicting a society where physical height determines social status and privilege.
0238;Creative storytelling;Write a 200-250 word scene showing a character realizing they're trapped in someone else's memories or dreamscape.
0239;Creative storytelling;Create a 200-250 word passage depicting a character's discovery of an advanced civilization living beneath the ocean.
0240;Creative storytelling;Compose a 200-250 word scene showing a character experiencing the effects of a reality-altering anomaly or device.
0241;Creative storytelling;Write a 200-250 word passage depicting a society where dreams can be recorded, shared, and experienced by others.
0242;Creative storytelling;Create a 200-250 word scene showing a character's encounter with a shapeshifting creature assuming a familiar form.
0243;Creative storytelling;Compose a 200-250 word passage depicting a character's experience in a locale where time flows backward.
0244;Creative storytelling;Write a 200-250 word scene showing a character discovering they have unwittingly been part of a psychological experiment.
0245;Creative storytelling;Create a 200-250 word passage depicting humans who have developed biological adaptations to an extreme environment.
0246;Creative storytelling;Compose a 200-250 word scene showing a character who alone can perceive a parallel dimension overlapping with reality.
0247;Creative storytelling;Write a 200-250 word passage depicting a character's struggle to maintain hope in a seemingly hopeless dystopian setting.
0248;Creative storytelling;Create a 200-250 word scene showing a character with lexical-gustatory synesthesia (tasting words) meeting a poet.
0249;Creative storytelling;Compose a 200-250 word passage depicting a world where humans can temporarily swap consciousness with animals.
0250;Creative storytelling;Write a 200-250 word scene showing a character's first encounter with a sentient being composed of pure energy.
0251;Creative storytelling;Create a 200-250 word passage depicting a character discovering they can subtly influence probability and luck.
0252;Creative storytelling;Compose a 200-250 word scene showing a character's overwhelming experience after having their senses enhanced beyond human limits.
0253;Creative storytelling;Write a 200-250 word passage depicting a world where silence has physical or magical properties that affect reality.
0254;Creative storytelling;Create a 200-250 word scene showing a character discovering that an everyday object is actually a powerful magical artifact.
0255;Creative storytelling;Compose a 200-250 word passage depicting daily life in a society where the aging process works in reverse.
0256;Creative storytelling;Write a 200-250 word scene showing a character discovering archaeological evidence of an advanced prehistoric civilization.
0257;Creative storytelling;Create a 200-250 word passage depicting a character's experience of communicating with a collective plant consciousness.
0258;Creative storytelling;Compose a 200-250 word scene showing a character realizing they can unconsciously influence others' emotional states.
0259;Creative storytelling;Write a 200-250 word passage depicting a world where human consciousness can be temporarily stored in inanimate objects.
0260;Creative storytelling;Create a 200-250 word scene showing a character discovering they alone can see through magical or technological illusions.
0261;Creative storytelling;Compose a 200-250 word passage depicting a world where spoken language physically alters reality in unpredictable ways.
0262;Creative storytelling;Write a 200-250 word scene showing a character's encounter with a being that exists outside the normal flow of time.
0263;Creative storytelling;Create a 200-250 word passage depicting a society where people are born with visible marks indicating their future role.
0265;Creative storytelling;Write a 200-250 word passage depicting daily life in a city where buildings are sentient and have distinct personalities.
0266;Creative storytelling;Create a 200-250 word scene showing a character's gradual realization that their memories belong to someone else entirely.
0267;Creative storytelling;Compose a 200-250 word passage depicting a society where children are primarily raised by artificial intelligences.
0268;Creative storytelling;Write a 200-250 word scene showing a character whose perception of time has been fundamentally altered by an event.
0269;Creative storytelling;Create a 200-250 word passage depicting a character discovering they're part of a secret genetic breeding program.
0270;Creative storytelling;Compose a 200-250 word scene showing a world where emotions manifest as visible phenomena or physical substances.
0271;Creative storytelling;Write a 200-250 word passage depicting a character who discovers they can move between parallel possible timelines.
0272;Creative storytelling;Create a 200-250 word scene showing a character who has lived underground experiencing natural sunlight for the first time.
0273;Creative storytelling;Compose a 200-250 word passage depicting a society where knowledge is physically consumed rather than studied.
0274;Creative storytelling;Write a 200-250 word scene showing a character discovering an intelligent civilization existing within cloud formations.
0275;Creative storytelling;Create a 200-250 word passage depicting a society where social status is determined by artistic ability or creativity.
0276;Creative storytelling;Compose a 200-250 word scene showing a character learning they were created as part of a genetic experiment.
0277;Creative storytelling;Write a 200-250 word passage depicting a character experiencing the disorientation of having their consciousness in multiple bodies simultaneously.
0278;Creative storytelling;Create a 200-250 word scene showing a character discovering their ancestry traces back to visitors from another planet.
0279;Creative storytelling;Compose a 200-250 word passage depicting a world where people develop physical traits based on their geographic location.
0280;Creative storytelling;Write a 200-250 word scene showing a human's encounter with a being whose form and consciousness are pure mathematics.
0281;Creative storytelling;Create a 200-250 word passage depicting a character discovering the unexpected psychological cost of immortality.
0282;Creative storytelling;Compose a 200-250 word scene showing daily life in a world where darkness or night never comes.
0283;Creative storytelling;Write a 200-250 word passage depicting a character discovering they can see subtle patterns that accurately predict future events.
0284;Creative storytelling;Create a 200-250 word scene showing a character's first experience with a technology that allows mind-melding with others.
0285;Creative storytelling;Compose a 200-250 word passage depicting a society where humans have evolved to live primarily underwater.
0286;Creative storytelling;Write a 200-250 word scene showing a character who discovers they can physically taste dishonesty when others speak.
0287;Creative storytelling;Create a 200-250 word passage depicting a character's disorientation in a world where gravity functions unpredictably.
0288;Creative storytelling;Compose a 200-250 word scene showing a character discovering that everyday objects in their world have consciousness.
0289;Creative storytelling;Write a 200-250 word passage depicting an encounter with a being that experiences all points in time simultaneously.
0290;Creative storytelling;Create a 200-250 word scene showing a character discovering they are the subject of an ancient prophecy they don't believe in.
0291;Creative storytelling;Compose a 200-250 word passage depicting a society where art directly functions as currency and stores value.
0292;Creative storytelling;Write a 200-250 word scene showing a character's realization that their entire world exists as a miniature within another world.
0293;Creative storytelling;Create a 200-250 word passage depicting decision-making in a society with a telepathic collective consciousness.
0294;Creative storytelling;Compose a 200-250 word scene showing a character discovering they can communicate with their past or future selves.
0295;Creative storytelling;Write a 200-250 word passage depicting a world where emotional states determine physical capabilities and limitations.
0297;Creative storytelling;Compose a 200-250 word passage depicting a society where humans have evolved additional sense organs or perception abilities.
0298;Creative storytelling;Write a 200-250 word scene showing a character discovering they are a composite being made from multiple consciousnesses.
0299;Creative storytelling;Create a 200-250 word passage depicting a character's experience in a world where thoughts briefly materialize physically.
0300;Creative storytelling;Compose a 200-250 word scene showing a character discovering that reality is constantly being rewritten by unseen entities.
0301;Technical explanations;Explain the concept of object-oriented programming and its four main principles in 200-250 words.
0302;Technical explanations;Describe how RESTful APIs work and their key principles in 200-250 words.
0303;Technical explanations;Explain Docker containerization and its benefits over traditional virtualization in 200-250 words.
0304;Technical explanations;Detail the differences between SQL and NoSQL databases with specific use cases in 200-250 words.
0306;Technical explanations;Describe the functions of each layer in the OSI network model in 200-250 words.
0307;Technical explanations;Explain how public key cryptography works in securing data transmission in 200-250 words.
0308;Technical explanations;Detail the concept of continuous integration/continuous deployment (CI/CD) pipelines in 200-250 words.
0309;Technical explanations;Explain the principles of functional programming and its advantages in 200-250 words.
0310;Technical explanations;Describe how blockchain technology works to ensure data integrity in 200-250 words.
0311;Technical explanations;Explain serverless architecture and its implications for application development in 200-250 words.
0312;Technical explanations;Detail the inner workings of a CPU's fetch-decode-execute cycle in 200-250 words.
0313;Technical explanations;Explain how machine learning algorithms learn from training data in 200-250 words.
0314;Technical explanations;Describe the process of compiler optimization in programming languages in 200-250 words.
0315;Technical explanations;Explain how DNS resolution works to connect domain names to IP addresses in 200-250 words.
0316;Technical explanations;Detail the concept of database normalization and its various forms in 200-250 words.
0317;Technical explanations;Explain how HTTP cookies function and their role in web applications in 200-250 words.
0318;Technical explanations;Describe the architecture of a distributed database system in 200-250 words.
0319;Technical explanations;Explain the concept of memory management in operating systems in 200-250 words.
0320;Technical explanations;Detail how load balancers distribute network traffic efficiently in 200-250 words.
0321;Technical explanations;Explain the principles of responsive web design and its implementation in 200-250 words.
0322;Technical explanations;Describe how virtual private networks (VPNs) secure internet connections in 200-250 words.
0323;Technical explanations;Explain the process of garbage collection in programming languages in 200-250 words.
0324;Technical explanations;Detail the working principles of content delivery networks (CDNs) in 200-250 words.
0325;Technical explanations;Explain how Git manages version control and facilitates collaboration in 200-250 words.
0326;Technical explanations;Describe the architecture of a real-time data processing system in 200-250 words.
0327;Technical explanations;Explain the concept of dependency injection and its benefits in software development in 200-250 words.
0328;Technical explanations;Detail how web authentication systems like OAuth 2.0 function in 200-250 words.
0329;Technical explanations;Explain the principles of infrastructure as code and its implementation in 200-250 words.
0330;Technical explanations;Describe how WebSockets enable real-time communication in web applications in 200-250 words.
0331;Technical explanations;Explain the concept of API Gateway and its role in microservices in 200-250 words.
0333;Technical explanations;Explain how software containers ensure application consistency across environments in 200-250 words.
0334;Technical explanations;Describe the principle of least privilege in cybersecurity and its implementation in 200-250 words.
0335;Technical explanations;Explain how message queues facilitate asynchronous processing in distributed systems in 200-250 words.
0336;Technical explanations;Detail the concept of recursion in programming with appropriate examples in 200-250 words.
0337;Technical explanations;Explain how TCP/IP protocols ensure reliable data transmission in 200-250 words.
0338;Technical explanations;Describe the architecture of a cloud-native application in 200-250 words.
0339;Technical explanations;Explain the concept of eventual consistency in distributed databases in 200-250 words.
0340;Technical explanations;Detail how WebAssembly enables high-performance web applications in 200-250 words.
0341;Technical explanations;Explain the concept of test-driven development and its workflow in 200-250 words.
0342;Technical explanations;Describe how neural networks process input data to produce predictions in 200-250 words.
0343;Technical explanations;Explain the principles of zero-trust network architecture in 200-250 words.
0344;Technical explanations;Detail the concept of data sharding in database systems in 200-250 words.
0345;Technical explanations;Explain how service discovery works in cloud environments in 200-250 words.
0346;Technical explanations;Describe the process of code compilation from source to executable in 200-250 words.
0347;Technical explanations;Explain the concept of event-driven architecture in system design in 200-250 words.
0348;Technical explanations;Detail how content management systems organize and deliver digital content in 200-250 words.
0349;Technical explanations;Explain the ACID properties of database transactions in 200-250 words.
0350;Technical explanations;Describe how caching mechanisms improve application performance in 200-250 words.
0351;Technical explanations;Explain the concept of Domain-Driven Design in software development in 200-250 words.
0352;Technical explanations;Detail how internet routing protocols determine optimal paths for data in 200-250 words.
0353;Technical explanations;Explain the implementation of single sign-on authentication systems in 200-250 words.
0354;Technical explanations;Describe the architecture of a fault-tolerant distributed system in 200-250 words.
0355;Technical explanations;Explain how containerization orchestration tools like Kubernetes work in 200-250 words.
0356;Technical explanations;Detail the concept of data encryption at rest and in transit in 200-250 words.
0357;Technical explanations;Explain how static code analysis tools improve software quality in 200-250 words.
0358;Technical explanations;Describe the implementation of a message broker in a microservices architecture in 200-250 words.
0359;Technical explanations;Explain the concept of multi-threading and its challenges in 200-250 words.
0360;Technical explanations;Detail how relational database indexing improves query performance in 200-250 words.
0361;Technical explanations;Explain the principles of immutable infrastructure in cloud computing in 200-250 words.
0362;Technical explanations;Describe how software-defined networking separates control and data planes in 200-250 words.
0363;Technical explanations;Explain the concept of chaos engineering for system resilience in 200-250 words.
0364;Technical explanations;Detail the implementation of an authentication and authorization system in 200-250 words.
0365;Technical explanations;Explain how progressive web apps combine web and mobile app capabilities in 200-250 words.
0366;Technical explanations;Describe the architecture of a graph database system in 200-250 words.
0367;Technical explanations;Explain the concept of feature flags in software development in 200-250 words.
0369;Technical explanations;Explain the implementation of a content-based recommendation system in 200-250 words.
0370;Technical explanations;Describe how database views enhance security and simplify queries in 200-250 words.
0371;Technical explanations;Explain the concept of circuit breaking in distributed systems in 200-250 words.
0372;Technical explanations;Detail how WebRTC enables peer-to-peer communication in browsers in 200-250 words.
0373;Technical explanations;Explain the principles of defensive programming and error handling in 200-250 words.
0374;Technical explanations;Describe the architecture of a stream processing system in 200-250 words.
0375;Technical explanations;Explain how SSH secures remote server connections in 200-250 words.
0376;Technical explanations;Detail the implementation of a distributed caching system in 200-250 words.
0377;Technical explanations;Explain the concept of reactive programming in modern applications in 200-250 words.
0378;Technical explanations;Describe how database connection pooling improves application performance in 200-250 words.
0379;Technical explanations;Explain the principles of site reliability engineering (SRE) in 200-250 words.
0380;Technical explanations;Detail how session management works in web applications in 200-250 words.
0381;Technical explanations;Explain the concept of idempotency in REST API design in 200-250 words.
0382;Technical explanations;Describe the architecture of a service mesh in microservices in 200-250 words.
0383;Technical explanations;Explain how DNS-based service discovery works in cloud environments in 200-250 words.
0384;Technical explanations;Detail the implementation of database migration strategies in 200-250 words.
0385;Technical explanations;Explain the concept of just-in-time compilation in programming languages in 200-250 words.
0386;Technical explanations;Describe how storage area networks (SANs) manage enterprise data in 200-250 words.
0387;Technical explanations;Explain the implementation of a GraphQL API compared to REST in 200-250 words.
0388;Technical explanations;Detail how serverless functions scale automatically in cloud platforms in 200-250 words.
0389;Technical explanations;Explain the concept of blue-green deployment for minimizing downtime in 200-250 words.
0390;Technical explanations;Describe the architecture of a content-based filtering recommendation system in 200-250 words.
0391;Technical explanations;Explain how asymmetric cryptography secures communications in 200-250 words.
0392;Technical explanations;Detail the implementation of real-time notifications in web applications in 200-250 words.
0394;Technical explanations;Describe how edge computing processes data closer to the source in 200-250 words.
0395;Technical explanations;Explain the principles of clean code and code maintainability in 200-250 words.
0396;Technical explanations;Detail how infrastructure monitoring systems detect issues in 200-250 words.
0397;Technical explanations;Explain the concept of data lakes versus data warehouses in 200-250 words.
0398;Technical explanations;Describe the architecture of a mobile application backend system in 200-250 words.
0399;Technical explanations;Explain how JWT (JSON Web Tokens) enable stateless authentication in 200-250 words.
0400;Technical explanations;Detail the implementation of semantic versioning in software releases in 200-250 words.
0401;Technical explanations;Explain the concept of command query responsibility segregation (CQRS) in 200-250 words.
0402;Technical explanations;Describe how software obfuscation protects intellectual property in 200-250 words.
0403;Technical explanations;Explain the implementation of automated deployment pipelines in 200-250 words.
0404;Technical explanations;Detail how database replication ensures data availability in 200-250 words.
0405;Technical explanations;Explain the concept of service-oriented architecture (SOA) in 200-250 words.
0406;Technical explanations;Describe how time-series databases store and query temporal data in 200-250 words.
0407;Technical explanations;Explain the principles of behavior-driven development (BDD) in 200-250 words.
0408;Technical explanations;Detail how container orchestration handles scheduling and scaling in 200-250 words.
0409;Technical explanations;Explain the concept of web accessibility compliance and implementation in 200-250 words.
0410;Technical explanations;Describe the architecture of a data streaming platform in 200-250 words.
0411;Technical explanations;Explain how HTTPS secure connections are established in 200-250 words.
0412;Technical explanations;Detail the implementation of rate limiting in API services in 200-250 words.
0413;Technical explanations;Explain the concept of domain name system security extensions (DNSSEC) in 200-250 words.
0414;Technical explanations;Describe how distributed tracing tracks request flows in microservices in 200-250 words.
0415;Technical explanations;Explain the principles of software design patterns like MVC in 200-250 words.
0416;Technical explanations;Detail how database partitioning improves performance and scalability in 200-250 words.
0417;Technical explanations;Explain the concept of content security policy (CSP) in web security in 200-250 words.
0418;Technical explanations;Describe the architecture of a machine learning model serving system in 200-250 words.
0419;Technical explanations;Explain how network address translation (NAT) works in home routers in 200-250 words.
0420;Technical explanations;Detail the implementation of a client-side state management system in 200-250 words.
0422;Technical explanations;Describe how virtual machines provide hardware abstraction in 200-250 words.
0423;Technical explanations;Explain the principles of secure software development lifecycle (SDLC) in 200-250 words.
0424;Technical explanations;Detail how distributed denial-of-service (DDoS) protection systems work in 200-250 words.
0425;Technical explanations;Explain the concept of database schema design and optimization in 200-250 words.
0426;Technical explanations;Describe the architecture of a multi-tenant SaaS application in 200-250 words.
0427;Technical explanations;Explain how WebHooks enable inter-application communication in 200-250 words.
0428;Technical explanations;Detail the implementation of a search engine indexing system in 200-250 words.
0429;Technical explanations;Explain the concept of cloud-native security best practices in 200-250 words.
0430;Technical explanations;Describe how proxy servers mediate client-server communications in 200-250 words.
0431;Technical explanations;Explain the principles of data-oriented programming in 200-250 words.
0432;Technical explanations;Detail how certificate authority (CA) validation works in 200-250 words.
0433;Technical explanations;Explain the concept of backend-for-frontend (BFF) pattern in 200-250 words.
0434;Technical explanations;Describe the architecture of a document management system in 200-250 words.
0435;Technical explanations;Explain how data compression algorithms reduce file sizes in 200-250 words.
0436;Technical explanations;Detail the implementation of two-factor authentication systems in 200-250 words.
0437;Technical explanations;Explain the concept of graceful degradation in web applications in 200-250 words.
0438;Technical explanations;Describe how network firewalls filter traffic based on rules in 200-250 words.
0439;Technical explanations;Explain the principles of agile software development methodologies in 200-250 words.
0440;Technical explanations;Detail how serverless databases manage scaling and resources in 200-250 words.
0441;Technical explanations;Explain the concept of identity and access management (IAM) in 200-250 words.
0442;Technical explanations;Describe the architecture of a real-time collaboration system in 200-250 words.
0443;Technical explanations;Explain how CORS (Cross-Origin Resource Sharing) protects web resources in 200-250 words.
0444;Technical explanations;Detail the implementation of a distributed logging system in 200-250 words.
0445;Technical explanations;Explain the concept of data modeling in database design in 200-250 words.
0446;Technical explanations;Describe how file systems organize and store data on disk in 200-250 words.
0447;Technical explanations;Explain the principles of binary search and its efficiency in 200-250 words.
0448;Technical explanations;Detail how content negotiation works in RESTful APIs in 200-250 words.
0449;Technical explanations;Explain the concept of shift-left security in software development in 200-250 words.
0450;Technical explanations;Describe the architecture of a message-oriented middleware system in 200-250 words.
0451;Technical explanations;Explain how IPv6 addressing improves upon IPv4 limitations in 200-250 words.
0452;Technical explanations;Detail the implementation of a web application firewall (WAF) in 200-250 words.
0453;Technical explanations;Explain the concept of asynchronous programming patterns in 200-250 words.
0454;Technical explanations;Describe how concurrency control mechanisms prevent data conflicts in 200-250 words.
0455;Technical explanations;Explain the principles of A/B testing in software development in 200-250 words.
0456;Technical explanations;Detail how intrusion detection systems identify security threats in 200-250 words.
0457;Technical explanations;Explain the concept of database change data capture (CDC) in 200-250 words.
0458;Technical explanations;Describe the architecture of a payment processing system in 200-250 words.
0459;Technical explanations;Explain how HTTP/2 improves upon HTTP/1.1 in 200-250 words.
0460;Technical explanations;Detail the implementation of dark launching for new features in 200-250 words.
0461;Technical explanations;Explain the concept of software entropy and technical debt in 200-250 words.
0462;Technical explanations;Describe how distributed file systems manage data across servers in 200-250 words.
0463;Technical explanations;Explain the principles of static typing versus dynamic typing in 200-250 words.
0464;Technical explanations;Detail how network load balancing algorithms distribute traffic in 200-250 words.
0465;Technical explanations;Explain the concept of cross-site scripting (XSS) prevention in 200-250 words.
0466;Technical explanations;Describe the architecture of a business intelligence system in 200-250 words.
0467;Technical explanations;Explain how TLS handshake establishes secure connections in 200-250 words.
0468;Technical explanations;Detail the implementation of an object-relational mapping (ORM) system in 200-250 words.
0469;Technical explanations;Explain the concept of application performance monitoring (APM) in 200-250 words.
0470;Technical explanations;Describe how cron jobs manage scheduled tasks in Unix systems in 200-250 words.
0471;Technical explanations;Explain the principles of zero-downtime database migrations in 200-250 words.
0472;Technical explanations;Detail how software-defined storage virtualizes storage resources in 200-250 words.
0473;Technical explanations;Explain the concept of SOLID principles in object-oriented design in 200-250 words.
0474;Technical explanations;Describe the architecture of a recommendation engine system in 200-250 words.
0475;Technical explanations;Explain how GraphQL resolvers handle data fetching in 200-250 words.
0476;Technical explanations;Detail the implementation of a chatbot natural language processing system in 200-250 words.
0477;Technical explanations;Explain the concept of database deadlocks and prevention strategies in 200-250 words.
0478;Technical explanations;Describe how containerized microservices communicate with each other in 200-250 words.
0479;Technical explanations;Explain the principles of domain name system (DNS) security in 200-250 words.
0480;Technical explanations;Detail how API versioning strategies manage backward compatibility in 200-250 words.
0481;Technical explanations;Explain the concept of probabilistic data structures like Bloom filters in 200-250 words.
0482;Technical explanations;Describe the architecture of a content moderation system in 200-250 words.
0483;Technical explanations;Explain how pull request workflows improve code quality in 200-250 words.
0484;Technical explanations;Detail the implementation of a data anonymization system in 200-250 words.
0486;Technical explanations;Describe how parallel computing distributes workloads across processors in 200-250 words.
0487;Technical explanations;Explain the principles of model-view-controller (MVC) architecture in 200-250 words.
0488;Technical explanations;Detail how web application session management works in 200-250 words.
0489;Technical explanations;Explain the concept of infrastructure as a service (IaaS) in cloud computing in 200-250 words.
0490;Technical explanations;Describe the architecture of an event sourcing system in 200-250 words.
0491;Technical explanations;Explain how dependency management tools resolve library conflicts in 200-250 words.
0492;Technical explanations;Detail the implementation of a multi-region database deployment in 200-250 words.
0493;Technical explanations;Explain the concept of data validation techniques in applications in 200-250 words.
0494;Technical explanations;Describe how software escrow protects business continuity in 200-250 words.
0496;Technical explanations;Detail how software-defined radio (SDR) works and its applications in 200-250 words.
0497;Technical explanations;Explain the concept of database concurrency control mechanisms in 200-250 words.
0498;Technical explanations;Describe the architecture of a continuous monitoring system in 200-250 words.
0499;Technical explanations;Explain how internet of things (IoT) device management platforms work in 200-250 words.
0500;Technical explanations;Detail the implementation of a zero-trust authentication system in 200-250 words.
0501;Technical explanations;Explain the concept of design systems in software development in 200-250 words.
0502;Technical explanations;Describe how software-defined networking (SDN) centralizes network intelligence in 200-250 words.
0503;Technical explanations;Explain the principles of chaos engineering for system resilience in 200-250 words.
0504;Technical explanations;Detail how user behavior analytics detect security threats in 200-250 words.
0505;Technical explanations;Explain the concept of data lineage tracking in data pipelines in 200-250 words.
0506;Technical explanations;Describe the architecture of a feature flag management system in 200-250 words.
0507;Technical explanations;Explain how streaming data processing differs from batch processing in 200-250 words.
0508;Technical explanations;Detail the implementation of password hashing and salting in 200-250 words.
0509;Technical explanations;Explain the concept of API throttling and rate limiting in 200-250 words.
0510;Technical explanations;Describe how change management processes handle system modifications in 200-250 words.
0511;Technical explanations;Explain the principles of quantum computing and its potential applications in 200-250 words.
0512;Technical explanations;Detail how web application security headers protect against attacks in 200-250 words.
0514;Technical explanations;Describe the architecture of a robotic process automation system in 200-250 words.
0515;Technical explanations;Explain how content management system plugins extend functionality in 200-250 words.
0516;Technical explanations;Detail the implementation of a data pipeline for real-time analytics in 200-250 words.
0517;Technical explanations;Explain the concept of database consistency models in distributed databases in 200-250 words.
0518;Technical explanations;Describe how SSH key-based authentication works in 200-250 words.
0519;Technical explanations;Explain the principles of lean software development methodology in 200-250 words.
0520;Technical explanations;Detail how APT (Advanced Persistent Threat) attacks operate in 200-250 words.
0521;Technical explanations;Explain the concept of eventual consistency in distributed databases in 200-250 words.
0522;Technical explanations;Describe the architecture of a CI/CD pipeline for mobile applications in 200-250 words.
0523;Technical explanations;Explain how server-side rendering improves web application performance in 200-250 words.
0524;Technical explanations;Detail the implementation of a high-availability database cluster in 200-250 words.
0525;Technical explanations;Explain the concept of software internationalization and localization in 200-250 words.
0526;Technical explanations;Describe how SAML (Security Assertion Markup Language) enables SSO in 200-250 words.
0527;Technical explanations;Explain the principles of natural language processing (NLP) in 200-250 words.
0528;Technical explanations;Detail how honeypot systems detect and analyze cyber attacks in 200-250 words.
0529;Technical explanations;Explain the concept of non-blocking I/O in system programming in 200-250 words.
0530;Technical explanations;Describe the architecture of an IoT data processing platform in 200-250 words.
0531;Technical explanations;Explain how forward and reverse proxies differ in functionality in 200-250 words.
0532;Technical explanations;Detail the implementation of a canary deployment strategy in 200-250 words.
0533;Technical explanations;Explain the concept of database read replicas for performance scaling in 200-250 words.
0534;Technical explanations;Describe how hardware security modules protect cryptographic keys in 200-250 words.
0535;Technical explanations;Explain the principles of the actor model in concurrent computing in 200-250 words.
0536;Technical explanations;Detail how API documentation tools generate interactive documentation in 200-250 words.
0537;Technical explanations;Explain the concept of data masking for protecting sensitive information in 200-250 words.
0538;Technical explanations;Describe the architecture of an activity monitoring system in 200-250 words.
0539;Technical explanations;Explain how time-to-live (TTL) mechanisms work in caching systems in 200-250 words.
0540;Technical explanations;Detail the implementation of a real-time collaboration text editor in 200-250 words.
0541;Technical explanations;Explain the concept of data pre-processing in machine learning pipelines in 200-250 words.
0542;Technical explanations;Describe how role-based access control systems determine permissions in 200-250 words.
0543;Technical explanations;Explain the principles of atomic design in user interface development in 200-250 words.
0544;Technical explanations;Detail how network traffic shaping optimizes bandwidth usage in 200-250 words.
0545;Technical explanations;Explain the concept of code refactoring techniques and their benefits in 200-250 words.
0546;Technical explanations;Describe the architecture of a distributed task scheduling system in 200-250 words.
0547;Technical explanations;Explain how SSH tunneling enables secure network connections in 200-250 words.
0548;Technical explanations;Detail the implementation of a document versioning system in 200-250 words.
0549;Technical explanations;Explain the concept of software composition analysis for security in 200-250 words.
0550;Technical explanations;Describe how network packet inspection identifies malicious traffic in 200-250 words.
0551;Technical explanations;Explain the principles of the saga pattern in distributed transactions in 200-250 words.
0552;Technical explanations;Detail how cloud service brokers manage multi-cloud environments in 200-250 words.
0553;Technical explanations;Explain the concept of memory-mapped files in operating systems in 200-250 words.
0554;Technical explanations;Describe the architecture of a voice assistant natural language understanding system in 200-250 words.
0555;Technical explanations;Explain how deterministic finite automata work in compiler design in 200-250 words.
0556;Technical explanations;Detail the implementation of a secure file upload system in 200-250 words.
0558;Technical explanations;Describe how dynamic linking and loading work in operating systems in 200-250 words.
0559;Technical explanations;Explain the principles of behavior-driven security testing in 200-250 words.
0560;Technical explanations;Detail how cloud cost optimization strategies maximize efficiency in 200-250 words.
0561;Technical explanations;Explain the concept of property-based testing in software development in 200-250 words.
0562;Technical explanations;Describe the architecture of a cloud data migration system in 200-250 words.
0563;Technical explanations;Explain how web application caching layers improve performance in 200-250 words.
0564;Technical explanations;Detail the implementation of a public key infrastructure (PKI) system in 200-250 words.
0565;Technical explanations;Explain the concept of API gateway pattern in microservices architecture in 200-250 words.
0566;Technical explanations;Describe how software-defined perimeter secures network access in 200-250 words.
0567;Technical explanations;Explain the principles of digital twin technology in IoT applications in 200-250 words.
0568;Technical explanations;Detail how cryptographic hash functions ensure data integrity in 200-250 words.
0569;Technical explanations;Explain the concept of edge computing for low-latency applications in 200-250 words.
0570;Technical explanations;Describe the architecture of a cloud identity management system in 200-250 words.
0571;Technical explanations;Explain how managed Kubernetes services simplify container orchestration in 200-250 words.
0572;Technical explanations;Detail the implementation of a federated learning system in 200-250 words.
0573;Technical explanations;Explain the concept of automated accessibility testing for web applications in 200-250 words.
0574;Technical explanations;Describe how API gateways handle authentication and authorization in 200-250 words.
0575;Technical explanations;Explain the principles of infrastructure as code using Terraform in 200-250 words.
0576;Technical explanations;Detail how side-channel attacks compromise secure systems in 200-250 words.
0577;Technical explanations;Explain the concept of reactive systems architecture in 200-250 words.
0578;Technical explanations;Describe the architecture of a platform as a service (PaaS) solution in 200-250 words.
0579;Technical explanations;Explain how database query execution plans optimize performance in 200-250 words.
0580;Technical explanations;Detail the implementation of a server monitoring and alerting system in 200-250 words.
0581;Technical explanations;Explain the concept of homomorphic encryption for secure computation in 200-250 words.
0582;Technical explanations;Describe how mesh networks enable resilient device communication in 200-250 words.
0583;Technical explanations;Explain the principles of code quality metrics and analysis tools in 200-250 words.
0584;Technical explanations;Detail how transport layer security (TLS) certificate validation works in 200-250 words.
0585;Technical explanations;Explain the concept of service level objectives (SLOs) in system reliability in 200-250 words.
0586;Technical explanations;Describe the architecture of a real-time bidding system in 200-250 words.
0587;Technical explanations;Explain how progressive enhancement improves web accessibility in 200-250 words.
0588;Technical explanations;Detail the implementation of a stateful microservice with data persistence in 200-250 words.
0589;Technical explanations;Explain the concept of technical documentation as code in 200-250 words.
0590;Technical explanations;Describe how network segmentation improves security posture in 200-250 words.
0591;Technical explanations;Explain the principles of confidential computing for secure data processing in 200-250 words.
0592;Technical explanations;Detail how content security policy protects against code injection in 200-250 words.
0593;Technical explanations;Explain the concept of API-first development approach in 200-250 words.
0594;Technical explanations;Describe the architecture of a multi-model database system in 200-250 words.
0595;Technical explanations;Explain how adaptive bitrate streaming optimizes video delivery in 200-250 words.
0596;Technical explanations;Detail the implementation of a security information and event management (SIEM) system in 200-250 words.
0597;Technical explanations;Explain the concept of chaos engineering for distributed systems in 200-250 words.
0598;Technical explanations;Describe how data residency compliance affects cloud architecture in 200-250 words.
0599;Technical explanations;Explain the principles of low-code application development platforms in 200-250 words.
0601;Data analysis reports;Explain the difference between correlation and causation in data analysis in 200-250 words, providing examples of how misinterpreting this relationship can lead to incorrect conclusions.
0602;Data analysis reports;Write a 200-250 word explanation of how to interpret a box plot, including what each component represents and when this visualization is most appropriate.
0603;Data analysis reports;Describe the process of conducting A/B testing for a website redesign in 200-250 words, including key metrics to track and how to determine statistical significance.
0604;Data analysis reports;In 200-250 words, explain how time series analysis can be used to forecast sales trends and what preprocessing steps are typically required.
0605;Data analysis reports;Write a 200-250 word report interpreting a hypothetical heatmap showing customer activity across different times of day and days of the week for a retail business.
0606;Data analysis reports;Explain the concept of statistical power in hypothesis testing in 200-250 words, including how sample size affects the reliability of conclusions.
0607;Data analysis reports;Describe in 200-250 words how to effectively use color in data visualizations to highlight key insights without creating misleading impressions.
0608;Data analysis reports;Write a 200-250 word analysis explaining how to interpret a confusion matrix for a machine learning classification model and what metrics can be derived from it.
0609;Data analysis reports;In 200-250 words, explain the process of cohort analysis for evaluating customer retention and how to visualize this data effectively.
0611;Data analysis reports;Write a 200-250 word explanation of how to interpret regression coefficients and p-values in a multiple regression analysis report.
0612;Data analysis reports;Explain the concept of data cleaning and preprocessing in 200-250 words, providing examples of common issues and how they impact analysis results.
0613;Data analysis reports;In 200-250 words, describe how to create and interpret a funnel visualization for analyzing conversion rates in an e-commerce customer journey.
0614;Data analysis reports;Write a 200-250 word explanation of how to use principal component analysis (PCA) to reduce dimensionality in a dataset while preserving important information.
0615;Data analysis reports;Describe the process of creating an effective dashboard for business KPIs in 200-250 words, including principles for layout and visualization selection.
0616;Data analysis reports;In 200-250 words, explain how to interpret confidence intervals and when they should be included in data analysis reports.
0617;Data analysis reports;Write a 200-250 word analysis of how to detect and visualize outliers in a dataset, including their potential impact on statistical conclusions.
0618;Data analysis reports;Explain the concept of statistical sampling in 200-250 words, including different sampling methods and how they affect the validity of data analysis.
0619;Data analysis reports;Describe how to create and interpret a choropleth map for geographic data analysis in 200-250 words, including common pitfalls to avoid.
0620;Data analysis reports;In 200-250 words, explain the process of cluster analysis and how to visualize cluster results for identifying customer segments.
0621;Data analysis reports;Write a 200-250 word explanation of R-squared values in regression analysis, including what they indicate about model fit and their limitations.
0622;Data analysis reports;Describe in 200-250 words how to conduct and interpret seasonality analysis in time series data, including visualization techniques.
0623;Data analysis reports;Explain the concept of Simpson's paradox in 200-250 words, providing examples of how aggregate data analysis can lead to misleading conclusions.
0624;Data analysis reports;In 200-250 words, describe how to effectively use treemaps to visualize hierarchical data structures and part-to-whole relationships.
0625;Data analysis reports;Write a 200-250 word explanation of how to interpret probability distributions and when different distribution visualizations should be used.
0626;Data analysis reports;Describe the process of conducting a chi-square test for independence in 200-250 words, including how to visualize and interpret the results.
0627;Data analysis reports;In 200-250 words, explain how to use and interpret a correlation matrix for identifying relationships between multiple variables.
0628;Data analysis reports;Write a 200-250 word analysis explaining the use of moving averages in time series data to identify underlying trends.
0629;Data analysis reports;Describe how to create and interpret a sankey diagram for visualizing flow data in 200-250 words, with examples of appropriate use cases.
0630;Data analysis reports;In 200-250 words, explain the process of conducting and interpreting survival analysis, including appropriate visualization techniques.
0631;Data analysis reports;Write a 200-250 word explanation of how to use and interpret violin plots compared to box plots for understanding data distributions.
0632;Data analysis reports;Describe the concept of data granularity in 200-250 words, including how it affects analysis outcomes and visualization choices.
0633;Data analysis reports;In 200-250 words, explain how to conduct and visualize results from market basket analysis for identifying product associations.
0634;Data analysis reports;Write a 200-250 word explanation of how to interpret dendrograms in hierarchical clustering analysis.
0635;Data analysis reports;Describe in 200-250 words how to create and interpret a waterfall chart for visualizing cumulative effects of sequential data.
0636;Data analysis reports;In 200-250 words, explain the process of anomaly detection in time series data, including visualization techniques for highlighting outliers.
0637;Data analysis reports;Write a 200-250 word explanation of how to interpret and use residual plots for diagnosing regression model fit issues.
0638;Data analysis reports;Describe how to conduct and visualize the results of text mining analysis in 200-250 words, including word clouds and topic modeling approaches.
0639;Data analysis reports;In 200-250 words, explain the concept of statistical significance and p-values, including common misinterpretations and limitations.
0640;Data analysis reports;Write a 200-250 word analysis of how to use parallel coordinates plots for visualizing and analyzing multivariate data relationships.
0641;Data analysis reports;Describe the process of creating and interpreting a bubble chart in 200-250 words, including when this visualization is most effective.
0642;Data analysis reports;In 200-250 words, explain how to use and interpret scatter plot matrices for exploring relationships between multiple variables.
0644;Data analysis reports;Describe in 200-250 words how to interpret the results of k-means clustering and visualize cluster characteristics.
0645;Data analysis reports;In 200-250 words, explain the concept of data cardinality and how it impacts choice of visualization techniques.
0646;Data analysis reports;Write a 200-250 word explanation of how to create and interpret a radar chart (spider chart) for comparing multivariate data across categories.
0647;Data analysis reports;Describe how to conduct and visualize results from a factor analysis in 200-250 words, including interpretation of factor loadings.
0648;Data analysis reports;In 200-250 words, explain the process of creating and interpreting a stacked area chart for showing composition changes over time.
0649;Data analysis reports;Write a 200-250 word analysis of how to use and interpret logarithmic scales in data visualizations and when they are appropriate.
0650;Data analysis reports;Describe the concept of data aggregation in 200-250 words, including different methods and their impact on analysis insights.
0651;Data analysis reports;In 200-250 words, explain how to create and interpret a bump chart for visualizing ranking changes over time.
0652;Data analysis reports;Write a 200-250 word explanation of how to use and interpret lollipop charts as alternatives to bar charts for certain data types.
0653;Data analysis reports;Describe how to conduct and visualize a demographic analysis in 200-250 words, including effective visualization techniques for population data.
0654;Data analysis reports;In 200-250 words, explain the process of creating and interpreting a dot plot for comparing categorical data across multiple groups.
0655;Data analysis reports;Write a 200-250 word analysis of how to use small multiples (trellis charts) for comparing patterns across different categories or time periods.
0656;Data analysis reports;Describe in 200-250 words how to interpret quantile-quantile (Q-Q) plots for assessing data distribution normality.
0657;Data analysis reports;In 200-250 words, explain how to create and interpret stream graphs for visualizing continuous data changes across multiple categories over time.
0658;Data analysis reports;Write a 200-250 word explanation of how to use and interpret mosaic plots for visualizing relationships between categorical variables.
0659;Data analysis reports;Describe the process of analyzing and visualizing customer churn data in 200-250 words, including predictive metrics and leading indicators.
0660;Data analysis reports;In 200-250 words, explain how to create and interpret a Marimekko chart for showing both composition and comparison across categories.
0661;Data analysis reports;Write a 200-250 word analysis of how to use and interpret gauge charts in dashboards, including best practices and limitations.
0662;Data analysis reports;Describe how to conduct and visualize a competitive benchmarking analysis in 200-250 words, including appropriate chart types.
0663;Data analysis reports;In 200-250 words, explain the concept of data binning and histogram creation, including how bin width affects interpretation.
0664;Data analysis reports;Write a 200-250 word explanation of how to use and interpret bullet graphs for comparing actual values to targets or benchmarks.
0665;Data analysis reports;Describe in 200-250 words how to create and interpret a calendar heatmap for visualizing daily patterns over extended time periods.
0666;Data analysis reports;In 200-250 words, explain the process of conducting and visualizing a gap analysis between current and desired performance metrics.
0667;Data analysis reports;Write a 200-250 word analysis of how to interpret and use slope graphs for comparing changes between two time points across multiple categories.
0668;Data analysis reports;Describe how to create and interpret a sunburst chart for hierarchical data in 200-250 words, including appropriate use cases.
0669;Data analysis reports;In 200-250 words, explain how to conduct and visualize an RFM (Recency, Frequency, Monetary) analysis for customer segmentation.
0670;Data analysis reports;Write a 200-250 word explanation of how to use and interpret a violin plot for understanding distribution characteristics beyond what box plots show.
0671;Data analysis reports;Describe the process of creating and analyzing a correlation network visualization in 200-250 words for identifying relationship patterns in complex data.
0672;Data analysis reports;In 200-250 words, explain how to interpret interaction effects in regression models and how to visualize these interactions effectively.
0673;Data analysis reports;Write a 200-250 word analysis of how to use ridge plots (joy plots) for visualizing distributions across multiple categories or time periods.
0674;Data analysis reports;Describe how to conduct and visualize a price elasticity analysis in 200-250 words, including appropriate chart types for presenting findings.
0675;Data analysis reports;In 200-250 words, explain the process of creating and interpreting a ternary plot for visualizing compositional data with three components.
0676;Data analysis reports;Write a 200-250 word explanation of how to use and interpret sparklines for showing trends in a compact format within tables or dashboards.
0677;Data analysis reports;Describe in 200-250 words how to conduct and visualize a seasonal decomposition of time series data into trend, seasonal, and residual components.
0678;Data analysis reports;In 200-250 words, explain how to create and interpret a diverging stacked bar chart for visualizing survey responses or Likert scale data.
0679;Data analysis reports;Write a 200-250 word analysis of how to use and interpret hexbin plots for visualizing relationships between variables with high data density.
0681;Data analysis reports;In 200-250 words, explain how to conduct and visualize results from association rule mining for market basket analysis.
0682;Data analysis reports;Write a 200-250 word explanation of how to use and interpret cumulative distribution function (CDF) plots for understanding data distributions.
0683;Data analysis reports;Describe how to create and interpret a tile grid map (cartogram) in 200-250 words for showing geographic data while preserving entity visibility.
0684;Data analysis reports;In 200-250 words, explain the process of conducting and visualizing a customer journey analysis using appropriate visualization techniques.
0685;Data analysis reports;Write a 200-250 word analysis of how to use and interpret alluvial diagrams for visualizing changes in categorical data over time or stages.
0686;Data analysis reports;Describe in 200-250 words how to create and interpret a horizon chart for compact visualization of time series data.
0687;Data analysis reports;In 200-250 words, explain how to conduct and visualize a funnel drop-off analysis for identifying conversion bottlenecks in a process flow.
0688;Data analysis reports;Write a 200-250 word explanation of how to use and interpret a radial bar chart for visualizing cyclical data or comparisons across categories.
0689;Data analysis reports;Describe the process of creating and interpreting a jitter plot in 200-250 words for visualizing distribution of discrete or categorical data points.
0690;Data analysis reports;In 200-250 words, explain how to create and interpret a chord diagram for visualizing complex flows between different categories or entities.
0691;Data analysis reports;Write a 200-250 word analysis of how to use and interpret contour plots for visualizing three-dimensional data or density distributions.
0692;Data analysis reports;Describe how to conduct and visualize a social network analysis in 200-250 words, including centrality measures and community detection.
0693;Data analysis reports;In 200-250 words, explain the concept of data imputation for handling missing values and how it impacts analysis results.
0694;Data analysis reports;Write a 200-250 word explanation of how to use and interpret waffle charts for visualizing progress toward goals or part-to-whole relationships.
0695;Data analysis reports;Describe in 200-250 words how to create and interpret a parallel sets visualization for understanding flows between categorical variables.
0696;Data analysis reports;In 200-250 words, explain the process of conducting and visualizing a multivariate analysis of variance (MANOVA) and interpreting the results.
0697;Data analysis reports;Write a 200-250 word analysis of how to use and interpret beeswarm plots for showing distribution while avoiding overlap of individual points.
0698;Data analysis reports;Describe how to create and interpret a Gantt chart for project data analysis in 200-250 words, including tracking of milestones and dependencies.
0699;Data analysis reports;In 200-250 words, explain how to conduct and visualize a market share analysis over time using appropriate chart types.
0700;Data analysis reports;Write a 200-250 word explanation of how to use and interpret a Pareto chart for identifying the vital few factors in a cause-and-effect analysis.
0701;Data analysis reports;Describe the process of creating and interpreting a polar area chart in 200-250 words, including appropriate use cases compared to pie charts.
0702;Data analysis reports;In 200-250 words, explain how to conduct and visualize an analysis of variance (ANOVA) for comparing means across multiple groups.
0703;Data analysis reports;Write a 200-250 word analysis of how to use and interpret stepped line charts for visualizing changes at discrete intervals.
0704;Data analysis reports;Describe how to create and interpret a population pyramid in 200-250 words for visualizing demographic distributions by age and gender.
0705;Data analysis reports;In 200-250 words, explain the process of conducting and visualizing a correspondence analysis for exploring relationships in categorical data.
0706;Data analysis reports;Write a 200-250 word explanation of how to use and interpret a biplot from principal component analysis for visualizing both observations and variables.
0707;Data analysis reports;Describe in 200-250 words how to create and interpret a candlestick chart for financial data analysis, including pattern recognition.
0708;Data analysis reports;In 200-250 words, explain how to conduct and visualize a multi-channel attribution analysis for marketing campaign performance evaluation.
0709;Data analysis reports;Write a 200-250 word analysis of how to use and interpret a force-directed network graph for visualizing complex relationships between entities.
0710;Data analysis reports;Describe the process of creating and interpreting a multi-level pie chart (sunburst chart) in 200-250 words for hierarchical data visualization.
0711;Data analysis reports;In 200-250 words, explain how to create and interpret a calendar view visualization for analyzing daily patterns and anomalies.
0712;Data analysis reports;Write a 200-250 word explanation of how to use and interpret a waterfall chart for visualizing sequential additions and subtractions to a total value.
0713;Data analysis reports;Describe how to conduct and visualize a geospatial cluster analysis in 200-250 words, including heat maps and point density techniques.
0714;Data analysis reports;In 200-250 words, explain the process of creating and interpreting a dual-axis chart for comparing related metrics with different scales.
0715;Data analysis reports;Write a 200-250 word analysis of how to use and interpret a matrix diagram for visualizing relationships between multiple sets of variables.
0716;Data analysis reports;Describe in 200-250 words how to create and interpret a dumbbell plot for comparing before-and-after or two-state data across categories.
0717;Data analysis reports;In 200-250 words, explain how to conduct and visualize a recurrence analysis for identifying patterns in event-based time series data.
0718;Data analysis reports;Write a 200-250 word explanation of how to use and interpret a tree diagram for visualizing hierarchical classification or decision processes.
0719;Data analysis reports;Describe the process of creating and interpreting a Venn diagram in 200-250 words for visualizing set relationships and overlaps.
0720;Data analysis reports;In 200-250 words, explain how to create and interpret a violin plot with embedded box plot for comprehensive distribution visualization.
0721;Data analysis reports;Write a 200-250 word analysis of how to use and interpret a control chart for monitoring process stability and detecting shifts over time.
0722;Data analysis reports;Describe how to conduct and visualize a cross-tabulation (contingency table) analysis in 200-250 words, including mosaic plot visualization.
0723;Data analysis reports;In 200-250 words, explain the concept of Simpson's paradox and how to visualize data to avoid misinterpretation in group comparisons.
0724;Data analysis reports;Write a 200-250 word explanation of how to use and interpret a Sankey diagram for visualizing flow quantities between stages or categories.
0725;Data analysis reports;Describe in 200-250 words how to create and interpret a circular bar chart for cyclical data or when space efficiency is important.
0726;Data analysis reports;In 200-250 words, explain the process of conducting and visualizing a factor analysis for dimensionality reduction and latent variable identification.
0727;Data analysis reports;Write a 200-250 word analysis of how to use and interpret a ridgeline plot for comparing distributions across categories or time periods.
0728;Data analysis reports;Describe how to create and interpret a heatmap with hierarchical clustering in 200-250 words for identifying patterns in multivariate data.
0729;Data analysis reports;In 200-250 words, explain how to conduct and visualize a product mix analysis using appropriate chart types for composition and trend visualization.
0730;Data analysis reports;Write a 200-250 word explanation of how to use and interpret a connected scatter plot for showing trajectory and evolution of paired metrics over time.
0731;Data analysis reports;Describe the process of creating and interpreting a stream graph in 200-250 words for visualizing changing compositions of multiple categories over time.
0732;Data analysis reports;In 200-250 words, explain how to create and interpret a stacked percentage bar chart for comparing proportional compositions across categories.
0733;Data analysis reports;Write a 200-250 word analysis of how to use and interpret a radar chart for comparing entities across multiple dimensions or attributes.
0734;Data analysis reports;Describe how to conduct and visualize a multinomial logistic regression analysis in 200-250 words, including appropriate visualization techniques.
0735;Data analysis reports;In 200-250 words, explain the process of creating and interpreting a balloon plot for visualizing three-dimensional data in a tabular format.
0737;Data analysis reports;Describe in 200-250 words how to create and interpret a bump chart for visualizing rank changes of entities over time.
0738;Data analysis reports;In 200-250 words, explain how to conduct and visualize a funnel analysis for identifying conversion bottlenecks in a multi-step process.
0739;Data analysis reports;Write a 200-250 word analysis of how to use and interpret a Likert scale visualization for survey response data analysis.
0740;Data analysis reports;Describe the process of creating and interpreting a bivariate choropleth map in 200-250 words for visualizing two variables simultaneously across geographic areas.
0741;Data analysis reports;In 200-250 words, explain how to create and interpret a ternary contour plot for visualizing patterns in compositional data with three components.
0742;Data analysis reports;Write a 200-250 word explanation of how to use and interpret a pyramid chart for comparative demographic or hierarchical data visualization.
0743;Data analysis reports;Describe how to conduct and visualize a conjoint analysis in 200-250 words, including appropriate techniques for presenting preference data.
0744;Data analysis reports;In 200-250 words, explain the process of creating and interpreting a multiple sparkline dashboard for compact trend visualization across many metrics.
0745;Data analysis reports;Write a 200-250 word analysis of how to use and interpret a slope graph for comparing changes between two time points across multiple categories.
0746;Data analysis reports;Describe in 200-250 words how to create and interpret an isotype chart (pictogram) for making quantitative data more accessible and engaging.
0747;Data analysis reports;In 200-250 words, explain how to conduct and visualize a decision tree analysis for classification or regression problems.
0748;Data analysis reports;Write a 200-250 word explanation of how to use and interpret a multi-level bar chart for hierarchical data comparison across categories.
0749;Data analysis reports;Describe the process of creating and interpreting a correlation heatmap in 200-250 words for visualizing relationships between multiple variables.
0751;Data analysis reports;Write a 200-250 word analysis of how to use and interpret a parallel coordinates plot for exploring multivariate data patterns and clusters.
0752;Data analysis reports;Describe how to conduct and visualize a multidimensional scaling analysis in 200-250 words for identifying similarities between observations.
0753;Data analysis reports;In 200-250 words, explain the concept of data normalization and standardization, including how it affects comparative visualizations.
0754;Data analysis reports;Write a 200-250 word explanation of how to use and interpret a Marimekko chart for simultaneous visualization of market share and segment size.
0755;Data analysis reports;Describe in 200-250 words how to create and interpret a calendar heatmap for analyzing daily patterns over multiple years.
0756;Data analysis reports;In 200-250 words, explain the process of conducting and visualizing a breakeven analysis using appropriate chart types.
0757;Data analysis reports;Write a 200-250 word analysis of how to use and interpret a funnel plot for identifying publication bias or outliers in meta-analysis.
0758;Data analysis reports;Describe how to create and interpret a dendrogram in 200-250 words for visualizing hierarchical clustering results.
0759;Data analysis reports;In 200-250 words, explain how to conduct and visualize a sentimental analysis of textual data using appropriate visualization techniques.
0760;Data analysis reports;Write a 200-250 word explanation of how to use and interpret a sunburst chart for hierarchical data with multiple levels of categorization.
0761;Data analysis reports;Describe the process of creating and interpreting a horizon chart in 200-250 words for compactly visualizing multiple time series.
0762;Data analysis reports;In 200-250 words, explain how to create and interpret a band chart (range chart) for visualizing intervals or uncertainty in time series data.
0763;Data analysis reports;Write a 200-250 word analysis of how to use and interpret a hive plot for visualizing network data in a more structured way than force-directed layouts.
0764;Data analysis reports;Describe how to conduct and visualize a survival analysis in 200-250 words, including Kaplan-Meier curves and hazard functions.
0765;Data analysis reports;In 200-250 words, explain the process of creating and interpreting a radial column chart for cyclical data visualization.
0766;Data analysis reports;Write a 200-250 word explanation of how to use and interpret a bundle diagram for visualizing hierarchical edge connections in network data.
0767;Data analysis reports;Describe in 200-250 words how to create and interpret a treemap for visualizing hierarchical data with size and color encoding.
0768;Data analysis reports;In 200-250 words, explain how to conduct and visualize a portfolio analysis using appropriate chart types like bubble charts or quadrant diagrams.
0769;Data analysis reports;Write a 200-250 word analysis of how to use and interpret a grouped bar chart versus a stacked bar chart for different comparison scenarios.
0770;Data analysis reports;Describe the process of creating and interpreting a stream plot in 200-250 words for visualizing changing compositions over time.
0771;Data analysis reports;In 200-250 words, explain how to create and interpret a hexagonal binning plot for visualizing relationships with high-density scatterplot data.
0772;Data analysis reports;Write a 200-250 word explanation of how to use and interpret a butterfly chart for comparing distributions or categories across a central axis.
0773;Data analysis reports;Describe how to conduct and visualize a market segmentation analysis in 200-250 words using appropriate clustering and visualization techniques.
0774;Data analysis reports;In 200-250 words, explain the process of creating and interpreting a bar-line combination chart for showing relationship between volume and rates.
0775;Data analysis reports;Write a 200-250 word analysis of how to use and interpret a layered area chart for showing both individual and cumulative values over time.
0777;Data analysis reports;In 200-250 words, explain how to conduct and visualize an ARIMA time series forecast, including confidence intervals and diagnostic checks.
0778;Data analysis reports;Write a 200-250 word explanation of how to use and interpret a donut chart versus a pie chart for part-to-whole relationships.
0779;Data analysis reports;Describe the process of creating and interpreting a violin plot in 200-250 words for visualizing distribution density and summary statistics simultaneously.
0780;Data analysis reports;In 200-250 words, explain how to create and interpret a slopegraph for highlighting changes between two points in time across multiple categories.
0781;Data analysis reports;Write a 200-250 word analysis of how to use and interpret a Pareto chart for identifying the vital few factors that contribute most to an effect.
0782;Data analysis reports;Describe how to conduct and visualize a cohort retention analysis in 200-250 words, including effective heatmap visualization techniques.
0783;Data analysis reports;In 200-250 words, explain the concept of data binning and categorization, including how it affects visualization interpretation.
0784;Data analysis reports;Write a 200-250 word explanation of how to use and interpret a diverging bar chart for comparing positive and negative values across categories.
0785;Data analysis reports;Describe in 200-250 words how to create and interpret a parallel sets diagram for visualizing categorical data flows and relationships.
0786;Data analysis reports;In 200-250 words, explain the process of conducting and visualizing a multi-touch attribution analysis for marketing channel effectiveness.
0787;Data analysis reports;Write a 200-250 word analysis of how to use and interpret a stepped area chart for visualizing cumulative values that change at discrete intervals.
0788;Data analysis reports;Describe how to create and interpret a proportional symbol map in 200-250 words for visualizing quantitative data across geographic locations.
0789;Data analysis reports;In 200-250 words, explain how to conduct and visualize a discriminant analysis for understanding differences between groups based on multiple variables.
0790;Data analysis reports;Write a 200-250 word explanation of how to use and interpret a bullet graph for comparing actual performance against targets within a compact space.
0791;Data analysis reports;Describe the process of creating and interpreting a chord diagram in 200-250 words for visualizing complex flows between entities.
0792;Data analysis reports;In 200-250 words, explain how to create and interpret a trellis plot (small multiples) for comparing patterns across different categories or conditions.
0793;Data analysis reports;Write a 200-250 word analysis of how to use and interpret a kernel density plot for visualizing the probability density function of a continuous variable.
0794;Data analysis reports;Describe how to conduct and visualize an ROC curve analysis in 200-250 words for evaluating classification model performance.
0795;Data analysis reports;In 200-250 words, explain the process of creating and interpreting a cartogram for visualizing geographic data where area represents a data variable.
0796;Data analysis reports;Write a 200-250 word explanation of how to use and interpret a steamgraph for visualizing changing contributions of multiple categories to a total over time.
0797;Data analysis reports;Describe in 200-250 words how to create and interpret a beeswarm plot for visualizing distribution while showing individual data points.
0798;Data analysis reports;In 200-250 words, explain how to conduct and visualize a scenario analysis using appropriate chart types for comparing potential outcomes.
0799;Data analysis reports;Write a 200-250 word analysis of how to use and interpret a contour plot for visualizing three-dimensional data on a two-dimensional surface.
0800;Data analysis reports;Describe the process of creating and interpreting a span chart in 200-250 words for visualizing ranges or intervals across categories.
0801;Data analysis reports;In 200-250 words, explain how to create and interpret a Nightingale rose chart for comparing cyclical data across multiple categories.
0802;Data analysis reports;Write a 200-250 word explanation of how to use and interpret a connected scatter plot for showing the trajectory and relationship between two variables over time.
0803;Data analysis reports;Describe how to conduct and visualize a text mining analysis in 200-250 words, including appropriate visualization techniques for term frequency and relationships.
0804;Data analysis reports;In 200-250 words, explain the process of creating and interpreting a fan chart for visualizing forecast uncertainty that increases over time.
0805;Data analysis reports;Write a 200-250 word analysis of how to use and interpret a mosaic plot for visualizing relationships between categorical variables of different cardinality.
0807;Data analysis reports;In 200-250 words, explain how to conduct and visualize a demand forecasting analysis, including seasonality and trend components.
0808;Data analysis reports;Write a 200-250 word explanation of how to use and interpret an alluvial diagram for visualizing changes in flow between multiple states or categories.
0809;Data analysis reports;Describe the process of creating and interpreting a histogram with kernel density overlay in 200-250 words for comprehensive distribution analysis.
0810;Data analysis reports;In 200-250 words, explain how to create and interpret a radial tree visualization for hierarchical data where space efficiency matters.
0811;Data analysis reports;Write a 200-250 word analysis of how to use and interpret a candlestick chart for financial data analysis, including pattern recognition.
0812;Data analysis reports;Describe how to conduct and visualize a geospatial point pattern analysis in 200-250 words, including cluster detection techniques.
0813;Data analysis reports;In 200-250 words, explain the concept of data smoothing techniques and their impact on trend visualization and interpretation.
0814;Data analysis reports;Write a 200-250 word explanation of how to use and interpret a dot strip plot for showing distribution of values across multiple categories.
0815;Data analysis reports;Describe in 200-250 words how to create and interpret a horizon chart for visualizing many time series in a space-efficient manner.
0816;Data analysis reports;In 200-250 words, explain the process of conducting and visualizing a principal component analysis, including biplots and variance explained.
0817;Data analysis reports;Write a 200-250 word analysis of how to use and interpret a waffle chart for visualizing progress toward goals or proportional data.
0818;Data analysis reports;Describe how to create and interpret a kite chart in 200-250 words for comparing paired metrics across multiple categories.
0819;Data analysis reports;In 200-250 words, explain how to conduct and visualize a basket analysis for identifying frequently co-occurring items or events.
0820;Data analysis reports;Write a 200-250 word explanation of how to use and interpret a forest plot for visualizing meta-analysis results across multiple studies.
0822;Data analysis reports;In 200-250 words, explain how to create and interpret a cumulative frequency diagram for understanding distribution characteristics and percentiles.
0823;Data analysis reports;Write a 200-250 word analysis of how to use and interpret a violin box plot hybrid for comprehensive distribution visualization.
0824;Data analysis reports;Describe how to conduct and visualize an impulse response analysis in 200-250 words for time series relationships in economic data.
0825;Data analysis reports;In 200-250 words, explain the process of creating and interpreting a grouped dot plot for comparing distributions across categories.
0826;Data analysis reports;Write a 200-250 word explanation of how to use and interpret a tile grid map for visualizing geographic data with equal visual weight.
0827;Data analysis reports;Describe in 200-250 words how to create and interpret a circular timeline for cyclical temporal data analysis.
0828;Data analysis reports;In 200-250 words, explain how to conduct and visualize a cluster validation analysis using silhouette plots and other metrics.
0829;Data analysis reports;Write a 200-250 word analysis of how to use and interpret a butterfly chart for comparing two distributions or populations.
0830;Data analysis reports;Describe the process of creating and interpreting a network diagram in 200-250 words for visualizing relationship patterns and community structures.
0831;Data analysis reports;In 200-250 words, explain how to create and interpret a joyplot (ridgeline plot) for visualizing distribution changes over time or categories.
0832;Data analysis reports;Write a 200-250 word explanation of how to use and interpret a multi-dimensional scaling plot for visualizing similarity relationships.
0833;Data analysis reports;Describe how to conduct and visualize a churn analysis in 200-250 words, including predictive factors and segment visualization.
0834;Data analysis reports;In 200-250 words, explain the process of creating and interpreting a waterfall chart for visualizing sequential contributions to a total value.
0835;Data analysis reports;Write a 200-250 word analysis of how to use and interpret a spider chart (radar chart) for multivariate comparison across categories.
0836;Data analysis reports;Describe in 200-250 words how to create and interpret a diverging stacked bar chart for visualizing survey response data with opposing sentiments.
0837;Data analysis reports;In 200-250 words, explain how to conduct and visualize a multiple correspondence analysis for categorical data pattern identification.
0838;Data analysis reports;Write a 200-250 word explanation of how to use and interpret a quantile-quantile plot for assessing distribution normality and comparing distributions.
0839;Data analysis reports;Describe the process of creating and interpreting a bubble timeline in 200-250 words for visualizing event magnitude over time.
0840;Data analysis reports;In 200-250 words, explain how to create and interpret a dumbbell plot for comparing before-and-after or pairs of values across categories.
0841;Data analysis reports;Write a 200-250 word analysis of how to use and interpret a grouped small multiples visualization for comparing patterns across categories and subcategories.
0842;Data analysis reports;Describe how to conduct and visualize a funnel analysis in 200-250 words, including effective visualization of conversion rates between stages.
0843;Data analysis reports;In 200-250 words, explain the concept of visual hierarchy in dashboard design, including techniques for guiding attention to important insights.
0844;Data analysis reports;Write a 200-250 word explanation of how to use and interpret a population pyramid for demographic analysis across age groups and genders.
0845;Data analysis reports;Describe in 200-250 words how to create and interpret a box plot with violin overlay for comprehensive distribution analysis.
0846;Data analysis reports;In 200-250 words, explain the process of conducting and visualizing a logistic regression analysis, including ROC curves and effect plots.
0847;Data analysis reports;Write a 200-250 word analysis of how to use and interpret a connected dot plot for showing changes in values across two time points.
0848;Data analysis reports;Describe how to create and interpret a Sankey diagram in 200-250 words for visualizing flow quantities between process stages.
0849;Data analysis reports;In 200-250 words, explain how to conduct and visualize a trend decomposition analysis for time series data, including seasonal adjustment.
0850;Data analysis reports;Write a 200-250 word explanation of how to use and interpret a hexbin plot for visualizing relationship patterns in high-density scatterplot data.
0851;Data analysis reports;Describe the process of creating and interpreting a polar bar chart in 200-250 words for cyclical data visualization.
0852;Data analysis reports;In 200-250 words, explain how to create and interpret a hierarchical edge bundling visualization for network data with structural organization.
0853;Data analysis reports;Write a 200-250 word analysis of how to use and interpret a treemap for hierarchical data visualization with quantitative comparison.
0854;Data analysis reports;Describe how to conduct and visualize a spatial autocorrelation analysis in 200-250 words, including Moran's I and LISA statistics.
0855;Data analysis reports;In 200-250 words, explain the process of creating and interpreting a Likert scale visualization for survey response analysis.
0856;Data analysis reports;Write a 200-250 word explanation of how to use and interpret a lollipop chart as an alternative to bar charts for certain data types.
0857;Data analysis reports;Describe in 200-250 words how to create and interpret a sunburst partition chart for hierarchical data visualization with focus on path analysis.
0858;Data analysis reports;In 200-250 words, explain how to conduct and visualize a changepoint detection analysis in time series data.
0859;Data analysis reports;Write a 200-250 word analysis of how to use and interpret a chord diagram for visualizing directed flows between entities or categories.
0860;Data analysis reports;Describe the process of creating and interpreting a parallel box plot in 200-250 words for comparing distributions across multiple categories.
0861;Data analysis reports;In 200-250 words, explain how to create and interpret a path flow diagram for visualizing sequence analysis of user journeys or process flows.
0862;Data analysis reports;Write a 200-250 word explanation of how to use and interpret an arc diagram for visualizing network connections with minimal edge crossings.
0863;Data analysis reports;Describe how to conduct and visualize a multivariate outlier analysis in 200-250 words, including appropriate visualization techniques.
0864;Data analysis reports;In 200-250 words, explain the process of creating and interpreting a bump area chart for visualizing both rank and magnitude changes over time.
0865;Data analysis reports;Write a 200-250 word analysis of how to use and interpret a calendar view visualization for identifying patterns in daily or weekly data.
0866;Data analysis reports;Describe in 200-250 words how to create and interpret a matrix plot for visualizing correlation patterns across multiple variables.
0867;Data analysis reports;In 200-250 words, explain how to conduct and visualize a decision tree analysis for classification or regression problems.
0868;Data analysis reports;Write a 200-250 word explanation of how to use and interpret a radar chart with multiple overlays for comparative multi-dimensional analysis.
0869;Data analysis reports;Describe the process of creating and interpreting a bivariate choropleth map in 200-250 words for simultaneous visualization of two geographic variables.
0870;Data analysis reports;In 200-250 words, explain how to create and interpret a faceted histogram for comparing distributions across multiple categories or conditions.
0871;Data analysis reports;Write a 200-250 word analysis of how to use and interpret a heatmap calendar for visualizing temporal patterns in daily data over extended periods.
0872;Data analysis reports;Describe how to conduct and visualize a customer lifetime value analysis in 200-250 words, including segmentation and trend visualization.
0873;Data analysis reports;In 200-250 words, explain the concept of data-to-ink ratio in effective visualization design, including techniques for reducing chart junk.
0874;Data analysis reports;Write a 200-250 word explanation of how to use and interpret a force-directed network visualization for identifying clusters and influential nodes.
0875;Data analysis reports;Describe in 200-250 words how to create and interpret a triangle heatmap for visualizing correlation or similarity matrices with reduced redundancy.
0876;Data analysis reports;In 200-250 words, explain the process of conducting and visualizing a rolling window analysis for time series data.
0877;Data analysis reports;Write a 200-250 word analysis of how to use and interpret a Pareto front visualization for multi-objective optimization problems.
0878;Data analysis reports;Describe how to create and interpret a layered choropleth map in 200-250 words for visualizing multiple geographic data layers.
0879;Data analysis reports;In 200-250 words, explain how to conduct and visualize a word co-occurrence network analysis from text data.
0880;Data analysis reports;Write a 200-250 word explanation of how to use and interpret a violin plot with jittered points for showing both distribution and individual observations.
0881;Data analysis reports;Describe the process of creating and interpreting a ridgeline plot in 200-250 words for visualizing distribution changes across an ordinal variable.
0883;Data analysis reports;Write a 200-250 word analysis of how to use and interpret a stream graph for visualizing how multiple time series contribute to a total over time.
0884;Data analysis reports;Describe how to conduct and visualize a trade area analysis in 200-250 words, including effective techniques for geographic market visualization.
0885;Data analysis reports;In 200-250 words, explain the process of creating and interpreting a small multiples line chart for comparing trends across multiple categories.
0886;Data analysis reports;Write a 200-250 word explanation of how to use and interpret a beeswarm plot for visualizing distributions while showing individual data points.
0887;Data analysis reports;Describe in 200-250 words how to create and interpret a horizon chart for space-efficient visualization of multiple time series.
0888;Data analysis reports;In 200-250 words, explain how to conduct and visualize a competitive analysis using perceptual mapping techniques.
0889;Data analysis reports;Write a 200-250 word analysis of how to use and interpret a diagonal correlation matrix for visualizing relationships between multiple variables.
0890;Data analysis reports;Describe the process of creating and interpreting a radial convergence diagram in 200-250 words for visualizing relationships to a central entity.
0891;Data analysis reports;In 200-250 words, explain how to create and interpret a gradient flow map for visualizing movement patterns between geographic locations.
0892;Data analysis reports;Write a 200-250 word explanation of how to use and interpret a multi-layer pie chart for hierarchical part-to-whole visualization.
0893;Data analysis reports;Describe how to conduct and visualize a sentiment analysis over time in 200-250 words, including effective visualization techniques.
0894;Data analysis reports;In 200-250 words, explain the process of creating and interpreting a packed circle visualization for hierarchical data.
0895;Data analysis reports;Write a 200-250 word analysis of how to use and interpret a temporal heatmap for identifying patterns in cyclical time-based data.
0896;Data analysis reports;Describe in 200-250 words how to create and interpret an origin-destination flow map for visualizing movement between geographic locations.
0897;Data analysis reports;In 200-250 words, explain how to conduct and visualize a factor analysis using appropriate visualization techniques for factor loadings and scores.
0898;Data analysis reports;Write a 200-250 word explanation of how to use and interpret a Gantt chart for project timeline analysis and resource allocation visualization.
0900;Data analysis reports;In 200-250 words, explain how to create and interpret a matrix visualization for identifying patterns in high-dimensional categorical data relationships.
0901;Casual conversation;Write a casual conversation between two friends catching up after not seeing each other for months, in 200-250 words.
0902;Casual conversation;In 200-250 words, describe your ideal weekend routine in a conversational tone as if telling a friend.
0903;Casual conversation;Write a friendly chat response explaining your favorite comfort food and why it means so much to you in 200-250 words.
0904;Casual conversation;In 200-250 words, share your thoughts on balancing social media use in daily life in a casual, conversational way.
0905;Casual conversation;Create a 200-250 word text message exchange about planning a surprise birthday party for a mutual friend.
0906;Casual conversation;Write a casual 200-250 word response giving advice to someone who's feeling burned out at work.
0908;Casual conversation;Write a 200-250 word chat about a minor cooking disaster you experienced and how you handled it.
0909;Casual conversation;In 200-250 words, share your thoughts on the best local coffee shops as if recommending them to a friend.
0910;Casual conversation;Create a casual 200-250 word conversation about dealing with noisy neighbors.
0912;Casual conversation;In 200-250 words, describe your morning routine in a conversational way, as if chatting with a colleague.
0913;Casual conversation;Write a casual 200-250 word response about your favorite podcast recommendations for a road trip.
0914;Casual conversation;In 200-250 words, share an amusing story about a misunderstanding in a text message conversation.
0915;Casual conversation;Create a 200-250 word chat about the challenges of maintaining long-distance friendships.
0916;Casual conversation;Write a friendly 200-250 word conversation about the best hiking trails in your area.
0917;Casual conversation;In 200-250 words, describe your experience trying a new restaurant in a casual, chatty tone.
0918;Casual conversation;Write a 200-250 word text exchange about planning a casual weekend get-together.
0920;Casual conversation;Create a casual 200-250 word conversation about how to care for houseplants.
0921;Casual conversation;Write a 200-250 word friendly chat giving advice on dealing with a difficult family member.
0922;Casual conversation;In 200-250 words, describe your favorite childhood memory in a casual, conversational way.
0923;Casual conversation;Write a 200-250 word response about how you discovered your favorite hobby.
0924;Casual conversation;In 200-250 words, share your perspective on the best ways to relax after a stressful day.
0925;Casual conversation;Create a casual 200-250 word conversation about funny pet antics.
0926;Casual conversation;Write a friendly 200-250 word chat about adjusting to working from home.
0927;Casual conversation;In 200-250 words, describe your last vacation in a conversational, non-formal style.
0928;Casual conversation;Write a 200-250 word casual response about how your music taste has evolved over the years.
0929;Casual conversation;In 200-250 words, share your thoughts on how to make grocery shopping more enjoyable.
0930;Casual conversation;Create a 200-250 word chat about your favorite seasonal activities.
0931;Casual conversation;Write a friendly 200-250 word conversation about staying motivated with fitness goals.
0932;Casual conversation;In 200-250 words, describe your ideal movie night setup in a casual, chatty tone.
0933;Casual conversation;Write a 200-250 word response about your favorite ways to spend time outdoors.
0934;Casual conversation;In 200-250 words, share your thoughts on balancing social life and alone time.
0935;Casual conversation;Create a casual 200-250 word conversation about finding time for creative hobbies.
0936;Casual conversation;Write a 200-250 word friendly chat about dealing with technology frustrations.
0937;Casual conversation;In 200-250 words, describe your favorite local restaurants in a conversational tone.
0938;Casual conversation;Write a casual 200-250 word response sharing recommendations for someone visiting your city.
0939;Casual conversation;In 200-250 words, share your perspective on managing family group chats.
0940;Casual conversation;Create a 200-250 word chat about best practices for packing for a weekend trip.
0941;Casual conversation;Write a friendly 200-250 word conversation about the worst fashion trends you've participated in.
0942;Casual conversation;In 200-250 words, describe your approach to organizing your living space in a casual tone.
0943;Casual conversation;Write a 200-250 word response about how you handle unexpected schedule changes.
0944;Casual conversation;In 200-250 words, share your thoughts on maintaining friendships as an adult.
0946;Casual conversation;Write a 200-250 word friendly chat about your favorite childhood TV shows.
0947;Casual conversation;In 200-250 words, describe your experience with trying new recipes in a conversational way.
0948;Casual conversation;Write a casual 200-250 word response about dealing with a bad hair day.
0949;Casual conversation;In 200-250 words, share your recommendations for podcasts in different genres.
0950;Casual conversation;Create a 200-250 word chat about funny autocorrect fails you've experienced.
0951;Casual conversation;Write a friendly 200-250 word conversation about managing multiple streaming service subscriptions.
0952;Casual conversation;In 200-250 words, describe your favorite local park or nature spot in a casual tone.
0953;Casual conversation;Write a 200-250 word response about adjusting to a new neighborhood.
0955;Casual conversation;Create a casual 200-250 word conversation about dealing with seasonal allergies.
0956;Casual conversation;Write a 200-250 word friendly chat about the best road trip snacks.
0957;Casual conversation;In 200-250 words, describe your experience with a minor home improvement project.
0958;Casual conversation;Write a casual 200-250 word response about the challenges of meal planning.
0959;Casual conversation;In 200-250 words, share your thoughts on finding motivation to clean your home.
0960;Casual conversation;Create a 200-250 word chat about reconnecting with old friends.
0961;Casual conversation;Write a friendly 200-250 word conversation about embarrassing childhood memories.
0962;Casual conversation;In 200-250 words, describe your favorite comfort TV shows in a conversational tone.
0963;Casual conversation;Write a casual 200-250 word response about managing digital photos and memories.
0964;Casual conversation;In 200-250 words, share your perspective on maintaining a work-life balance.
0965;Casual conversation;Create a 200-250 word chat about holiday traditions you enjoy or avoid.
0966;Casual conversation;Write a 200-250 word friendly conversation about funny misheard song lyrics.
0967;Casual conversation;In 200-250 words, describe your preferred weather and why in a casual, chatty tone.
0969;Casual conversation;In 200-250 words, share your thoughts on the most overrated tourist attractions.
0970;Casual conversation;Create a casual 200-250 word conversation about organizing a small dinner party.
0971;Casual conversation;Write a 200-250 word friendly chat about how your food preferences have changed over time.
0972;Casual conversation;In 200-250 words, describe your strategies for dealing with insomnia in a conversational way.
0973;Casual conversation;Write a casual 200-250 word response about finding motivation for regular exercise.
0974;Casual conversation;In 200-250 words, share your perspective on maintaining plants without killing them.
0975;Casual conversation;Create a 200-250 word chat about funny first-date stories.
0976;Casual conversation;Write a friendly 200-250 word conversation about dealing with unexpected houseguests.
0977;Casual conversation;In 200-250 words, describe your experience with learning a new skill as an adult.
0978;Casual conversation;Write a casual 200-250 word response about managing screen time.
0979;Casual conversation;In 200-250 words, share your thoughts on gift-giving for different occasions.
0980;Casual conversation;Create a 200-250 word chat about funny family holiday mishaps.
0981;Casual conversation;Write a 200-250 word friendly conversation about dealing with a car breakdown.
0982;Casual conversation;In 200-250 words, describe your approach to packing for a vacation in a conversational tone.
0983;Casual conversation;Write a casual 200-250 word response about keeping in touch with friends in different time zones.
0984;Casual conversation;In 200-250 words, share your perspective on the best ways to discover new music.
0986;Casual conversation;Write a friendly 200-250 word conversation about dealing with a bad haircut.
0987;Casual conversation;In 200-250 words, describe your ideal birthday celebration in a casual, chatty way.
0988;Casual conversation;Write a 200-250 word response about your experience with online dating.
0989;Casual conversation;In 200-250 words, share your thoughts on maintaining a capsule wardrobe.
0990;Casual conversation;Create a casual 200-250 word conversation about airport travel experiences.
0991;Casual conversation;Write a 200-250 word friendly chat about dealing with a broken smartphone.
0992;Casual conversation;In 200-250 words, describe your approach to finding new restaurants to try.
0993;Casual conversation;Write a casual 200-250 word response about navigating family dynamics at gatherings.
0994;Casual conversation;In 200-250 words, share your perspective on the challenges of apartment living.
0995;Casual conversation;Create a 200-250 word chat about funny workout mishaps.
0996;Casual conversation;Write a friendly 200-250 word conversation about organizing your digital life.
0997;Casual conversation;In 200-250 words, describe your experience with thrift shopping in a conversational tone.
0998;Casual conversation;Write a casual 200-250 word response about your favorite childhood games.
0999;Casual conversation;In 200-250 words, share your thoughts on creating the perfect playlist for different moods.
1000;Casual conversation;Create a 200-250 word chat about dealing with annoying coworkers.
1001;Casual conversation;Write a 200-250 word friendly conversation about finding motivation to declutter.
1002;Casual conversation;In 200-250 words, describe your approach to self-care in a casual, chatty way.
1003;Casual conversation;Write a casual 200-250 word response about handling social media comparisons.
1004;Casual conversation;In 200-250 words, share your perspective on maintaining old friendships versus making new ones.
1005;Casual conversation;Create a 200-250 word chat about embarrassing high school memories.
1006;Casual conversation;Write a friendly 200-250 word conversation about dealing with public transportation.
1007;Casual conversation;In 200-250 words, describe your experience with trying out new coffee shops.
1008;Casual conversation;Write a casual 200-250 word response about managing multiple group chats.
1009;Casual conversation;In 200-250 words, share your thoughts on the best ways to spend a mental health day.
1010;Casual conversation;Create a 200-250 word chat about funny miscommunications with voice assistants like Alexa or Siri.
1011;Casual conversation;Write a 200-250 word friendly conversation about adjusting to seasonal changes.
1012;Casual conversation;In 200-250 words, describe your approach to staying in touch with family in a conversational tone.
1013;Casual conversation;Write a casual 200-250 word response about handling delivery app mishaps.
1014;Casual conversation;In 200-250 words, share your perspective on making friends as an adult.
1015;Casual conversation;Create a 200-250 word chat about your favorite local hidden gems.
1016;Casual conversation;Write a 200-250 word friendly conversation about dealing with a surprise weather change.
1017;Casual conversation;In 200-250 words, describe your experience with DIY home projects in a casual, chatty way.
1018;Casual conversation;Write a casual 200-250 word response about managing email overload.
1019;Casual conversation;In 200-250 words, share your thoughts on the best ways to celebrate small victories.
1020;Casual conversation;Create a 200-250 word chat about funny mistaken identity stories.
1021;Casual conversation;Write a friendly 200-250 word conversation about maintaining a reading habit.
1022;Casual conversation;In 200-250 words, describe your approach to grocery shopping in a conversational tone.
1023;Casual conversation;Write a casual 200-250 word response about dealing with tech updates.
1024;Casual conversation;In 200-250 words, share your perspective on the perfect sandwich ingredients.
1025;Casual conversation;Create a 200-250 word chat about embarrassing autocorrect moments.
1026;Casual conversation;Write a 200-250 word friendly conversation about handling nosy questions.
1027;Casual conversation;In 200-250 words, describe your experience with trying to learn a new language.
1028;Casual conversation;Write a casual 200-250 word response about managing vacation photos.
1029;Casual conversation;In 200-250 words, share your thoughts on how to make daily commutes more enjoyable.
1030;Casual conversation;Create a 200-250 word chat about funny childhood misunderstandings.
1031;Casual conversation;Write a friendly 200-250 word conversation about dealing with package delivery issues.
1032;Casual conversation;In 200-250 words, describe your approach to finding new TV shows to watch in a conversational tone.
1033;Casual conversation;Write a casual 200-250 word response about handling too many open browser tabs.
1034;Casual conversation;In 200-250 words, share your perspective on the best ways to enjoy a staycation.
1035;Casual conversation;Create a 200-250 word chat about awkward first impression stories.
1036;Casual conversation;Write a 200-250 word friendly conversation about maintaining a journal habit.
1037;Casual conversation;In 200-250 words, describe your experience with farmer's markets in a casual, chatty way.
1038;Casual conversation;Write a casual 200-250 word response about dealing with internet outages.
1039;Casual conversation;In 200-250 words, share your thoughts on creating a cozy home atmosphere.
1040;Casual conversation;Create a 200-250 word chat about funny travel misadventures.
1041;Casual conversation;Write a friendly 200-250 word conversation about finding time for hobbies while busy.
1043;Casual conversation;Write a casual 200-250 word response about managing social media boundaries.
1044;Casual conversation;In 200-250 words, share your perspective on the best local coffee shop atmosphere.
1045;Casual conversation;Create a 200-250 word chat about embarrassing childhood fashion choices.
1046;Casual conversation;Write a 200-250 word friendly conversation about dealing with loud neighbors.
1047;Casual conversation;In 200-250 words, describe your experience with attempting a viral recipe.
1048;Casual conversation;Write a casual 200-250 word response about handling friend group dynamics.
1049;Casual conversation;In 200-250 words, share your thoughts on setting up the perfect home office corner.
1050;Casual conversation;Create a 200-250 word chat about funny misheard phrases.
1051;Casual conversation;Write a friendly 200-250 word conversation about managing multiple social media accounts.
1052;Casual conversation;In 200-250 words, describe your approach to finding new music in a conversational tone.
1053;Casual conversation;Write a casual 200-250 word response about dealing with smartphone battery life.
1054;Casual conversation;In 200-250 words, share your perspective on maintaining old hobbies versus trying new ones.
1055;Casual conversation;Create a 200-250 word chat about awkward Zoom meeting moments.
1056;Casual conversation;Write a 200-250 word friendly conversation about handling changing friendships.
1057;Casual conversation;In 200-250 words, describe your experience with food delivery services in a casual, chatty way.
1058;Casual conversation;Write a casual 200-250 word response about managing your camera roll.
1059;Casual conversation;In 200-250 words, share your thoughts on creating the perfect game night.
1060;Casual conversation;Create a 200-250 word chat about funny misunderstandings with regional accents.
1061;Casual conversation;Write a friendly 200-250 word conversation about dealing with decision fatigue.
1062;Casual conversation;In 200-250 words, describe your approach to trying new restaurants in a conversational tone.
1063;Casual conversation;Write a casual 200-250 word response about handling password management.
1064;Casual conversation;In 200-250 words, share your perspective on weekend morning routines.
1065;Casual conversation;Create a 200-250 word chat about embarrassing public speaking moments.
1066;Casual conversation;Write a 200-250 word friendly conversation about dealing with clothing organization.
1067;Casual conversation;In 200-250 words, describe your experience with audiobooks versus physical books.
1068;Casual conversation;Write a casual 200-250 word response about managing multiple streaming platforms.
1069;Casual conversation;In 200-250 words, share your thoughts on creating easy weeknight dinners.
1070;Casual conversation;Create a 200-250 word chat about funny childhood beliefs.
1071;Casual conversation;Write a friendly 200-250 word conversation about finding motivation to wake up early.
1072;Casual conversation;In 200-250 words, describe your approach to planning casual outings in a conversational tone.
1073;Casual conversation;Write a casual 200-250 word response about dealing with smartphone addiction.
1074;Casual conversation;In 200-250 words, share your perspective on maintaining holiday traditions.
1076;Casual conversation;Write a 200-250 word friendly conversation about handling weather-ruined plans.
1077;Casual conversation;In 200-250 words, describe your experience with subscription box services in a casual, chatty way.
1078;Casual conversation;Write a casual 200-250 word response about managing workout motivation.
1079;Casual conversation;In 200-250 words, share your thoughts on creating a relaxing bedtime routine.
1080;Casual conversation;Create a 200-250 word chat about funny dating app experiences.
1081;Casual conversation;Write a friendly 200-250 word conversation about dealing with closet organization.
1082;Casual conversation;In 200-250 words, describe your approach to finding new podcasts in a conversational tone.
1083;Casual conversation;Write a casual 200-250 word response about handling multiple chat applications.
1084;Casual conversation;In 200-250 words, share your perspective on maintaining car cleanliness.
1085;Casual conversation;Create a 200-250 word chat about embarrassing workout class moments.
1086;Casual conversation;Write a 200-250 word friendly conversation about dealing with digital clutter.
1087;Casual conversation;In 200-250 words, describe your experience with local seasonal activities in a casual, chatty way.
1088;Casual conversation;Write a casual 200-250 word response about managing household chores distribution.
1089;Casual conversation;In 200-250 words, share your thoughts on creating an ideal outdoor hangout space.
1090;Casual conversation;Create a 200-250 word chat about funny cooking measurement mishaps.
1091;Casual conversation;Write a friendly 200-250 word conversation about finding motivation to tackle home repairs.
1092;Casual conversation;In 200-250 words, describe your approach to staying hydrated in a conversational tone.
1093;Casual conversation;Write a casual 200-250 word response about handling social media algorithm changes.
1094;Casual conversation;In 200-250 words, share your perspective on maintaining relationships with neighbors.
1095;Casual conversation;Create a 200-250 word chat about awkward haircut experiences.
1096;Casual conversation;Write a 200-250 word friendly conversation about dealing with lost items.
1097;Casual conversation;In 200-250 words, describe your experience with virtual hangouts in a casual, chatty way.
1098;Casual conversation;Write a casual 200-250 word response about managing phone storage space.
1099;Casual conversation;In 200-250 words, share your thoughts on creating the perfect movie night.
1100;Casual conversation;Create a 200-250 word chat about funny misunderstandings due to cultural differences.
1101;Casual conversation;Write a friendly 200-250 word conversation about finding vintage or second-hand treasures.
1102;Casual conversation;In 200-250 words, describe your approach to making decisions about what to watch in a conversational tone.
1104;Casual conversation;In 200-250 words, share your perspective on maintaining a collection of something you enjoy.
1105;Casual conversation;Create a 200-250 word chat about embarrassing language translation mistakes.
1106;Casual conversation;Write a 200-250 word friendly conversation about dealing with changing sleep patterns.
1107;Casual conversation;In 200-250 words, describe your experience with local community events in a casual, chatty way.
1108;Casual conversation;Write a casual 200-250 word response about managing different notification sounds.
1109;Casual conversation;In 200-250 words, share your thoughts on creating a productive morning routine.
1110;Casual conversation;Create a 200-250 word chat about funny misunderstandings with voice-to-text.
1111;Casual conversation;Write a friendly 200-250 word conversation about finding motivation for household cleaning.
1112;Casual conversation;In 200-250 words, describe your approach to storing seasonal items in a conversational tone.
1113;Casual conversation;Write a casual 200-250 word response about handling tech troubleshooting for family members.
1114;Casual conversation;In 200-250 words, share your perspective on maintaining different playlists for different activities.
1115;Casual conversation;Create a 200-250 word chat about awkward mistaken identity situations.
1116;Casual conversation;Write a 200-250 word friendly conversation about dealing with kitchen organization.
1117;Casual conversation;In 200-250 words, describe your experience with trying to develop a new habit in a casual, chatty way.
1118;Casual conversation;Write a casual 200-250 word response about managing multiple remotes for entertainment devices.
1119;Casual conversation;In 200-250 words, share your thoughts on creating the perfect bath or shower experience.
1120;Casual conversation;Create a 200-250 word chat about funny childhood pronunciations.
1121;Casual conversation;Write a friendly 200-250 word conversation about finding time for self-improvement.
1122;Casual conversation;In 200-250 words, describe your approach to managing digital subscriptions in a conversational tone.
1123;Casual conversation;Write a casual 200-250 word response about handling unexpected traffic delays.
1124;Casual conversation;In 200-250 words, share your perspective on maintaining personal boundaries.
1125;Casual conversation;Create a 200-250 word chat about embarrassing typos in important messages.
1126;Casual conversation;Write a 200-250 word friendly conversation about dealing with smart home device glitches.
1127;Casual conversation;In 200-250 words, describe your experience with local seasonal foods in a casual, chatty way.
1128;Casual conversation;Write a casual 200-250 word response about managing shower or bathroom products.
1129;Casual conversation;In 200-250 words, share your thoughts on creating an effective workout playlist.
1130;Casual conversation;Create a 200-250 word chat about funny GPS navigation mishaps.
1131;Casual conversation;Write a friendly 200-250 word conversation about finding the motivation to drink enough water.
1132;Casual conversation;In 200-250 words, describe your approach to navigating social invitations in a conversational tone.
1133;Casual conversation;Write a casual 200-250 word response about handling social media posts you regret.
1134;Casual conversation;In 200-250 words, share your perspective on maintaining different friend groups.
1135;Casual conversation;Create a 200-250 word chat about awkward video call moments.
1136;Casual conversation;Write a 200-250 word friendly conversation about dealing with shoe organization.
1137;Casual conversation;In 200-250 words, describe your experience with meal prepping in a casual, chatty way.
1138;Casual conversation;Write a casual 200-250 word response about managing multiple calendars or scheduling apps.
1139;Casual conversation;In 200-250 words, share your thoughts on creating the perfect coffee or tea ritual.
1140;Casual conversation;Create a 200-250 word chat about funny voice assistant misunderstandings.
1141;Casual conversation;Write a friendly 200-250 word conversation about finding hidden gems in your neighborhood.
1142;Casual conversation;In 200-250 words, describe your approach to discovering new hobbies in a conversational tone.
1143;Casual conversation;Write a casual 200-250 word response about handling shared bathroom situations.
1144;Casual conversation;In 200-250 words, share your perspective on maintaining holiday decorations.
1145;Casual conversation;Create a 200-250 word chat about embarrassing childhood nicknames.
1146;Casual conversation;Write a 200-250 word friendly conversation about dealing with package tracking anxiety.
1147;Casual conversation;In 200-250 words, describe your experience with local public transportation in a casual, chatty way.
1148;Casual conversation;Write a casual 200-250 word response about managing desk or workspace organization.
1149;Casual conversation;In 200-250 words, share your thoughts on creating a personal style on a budget.
1150;Casual conversation;Create a 200-250 word chat about funny food combination preferences.
1151;Casual conversation;Write a friendly 200-250 word conversation about finding time to read regularly.
1152;Casual conversation;In 200-250 words, describe your approach to trying new coffee or tea flavors in a conversational tone.
1153;Casual conversation;Write a casual 200-250 word response about handling conversations with chatty strangers.
1154;Casual conversation;In 200-250 words, share your perspective on maintaining indoor plants.
1155;Casual conversation;Create a 200-250 word chat about awkward restaurant ordering mistakes.
1156;Casual conversation;Write a 200-250 word friendly conversation about dealing with tangled cords and cables.
1157;Casual conversation;In 200-250 words, describe your experience with finding quiet spots in a busy city in a casual, chatty way.
1158;Casual conversation;Write a casual 200-250 word response about managing smart device notifications.
1159;Casual conversation;In 200-250 words, share your thoughts on creating a stress-free commute routine.
1160;Casual conversation;Create a 200-250 word chat about funny misheard announcements.
1161;Casual conversation;Write a friendly 200-250 word conversation about finding motivation to organize digital photos.
1162;Casual conversation;In 200-250 words, describe your approach to weekend breakfast traditions in a conversational tone.
1163;Casual conversation;Write a casual 200-250 word response about handling social media friend requests.
1164;Casual conversation;In 200-250 words, share your perspective on maintaining a comfortable living room setup.
1165;Casual conversation;Create a 200-250 word chat about embarrassing autocomplete suggestions.
1166;Casual conversation;Write a 200-250 word friendly conversation about dealing with laundry routines.
1167;Casual conversation;In 200-250 words, describe your experience with local coffee shop personalities in a casual, chatty way.
1168;Casual conversation;Write a casual 200-250 word response about managing podcast episode backlog.
1169;Casual conversation;In 200-250 words, share your thoughts on creating perfect sandwich combinations.
1170;Casual conversation;Create a 200-250 word chat about funny automatic translation fails.
1171;Casual conversation;Write a friendly 200-250 word conversation about finding time for face-to-face meetups in a busy schedule.
1172;Casual conversation;In 200-250 words, describe your approach to recycling and waste management in a conversational tone.
1173;Casual conversation;Write a casual 200-250 word response about handling too many loyalty program memberships.
1174;Casual conversation;In 200-250 words, share your perspective on maintaining different social circles.
1175;Casual conversation;Create a 200-250 word chat about awkward social media tagging situations.
1176;Casual conversation;Write a 200-250 word friendly conversation about dealing with seasonal clothing storage.
1177;Casual conversation;In 200-250 words, describe your experience with trying to establish a morning routine in a casual, chatty way.
1178;Casual conversation;Write a casual 200-250 word response about managing bookmarks and saved articles.
1179;Casual conversation;In 200-250 words, share your thoughts on creating an outdoor relaxation space.
1180;Casual conversation;Create a 200-250 word chat about funny childhood logic misconceptions.
1181;Casual conversation;Write a friendly 200-250 word conversation about finding the perfect pair of comfortable shoes.
1182;Casual conversation;In 200-250 words, describe your approach to organizing books or media in a conversational tone.
1183;Casual conversation;Write a casual 200-250 word response about handling accidental reply-all email situations.
1184;Casual conversation;In 200-250 words, share your perspective on maintaining a workout schedule.
1185;Casual conversation;Create a 200-250 word chat about embarrassing song lyric misunderstandings.
1186;Casual conversation;Write a 200-250 word friendly conversation about dealing with impulse purchases.
1187;Casual conversation;In 200-250 words, describe your experience with local seasonal weather changes in a casual, chatty way.
1188;Casual conversation;Write a casual 200-250 word response about managing multiple hobbies with limited time.
1189;Casual conversation;In 200-250 words, share your thoughts on creating the perfect picnic setup.
1190;Casual conversation;Create a 200-250 word chat about funny autocorrect stories in professional settings.
1191;Casual conversation;Write a friendly 200-250 word conversation about finding time for self-reflection.
1192;Casual conversation;In 200-250 words, describe your approach to trying new breakfast options in a conversational tone.
1193;Casual conversation;Write a casual 200-250 word response about handling tech recommendations for family members.
1194;Casual conversation;In 200-250 words, share your perspective on maintaining bathroom organization.
1195;Casual conversation;Create a 200-250 word chat about awkward run-ins with acquaintances.
1196;Casual conversation;Write a 200-250 word friendly conversation about dealing with phone photo organization.
1197;Casual conversation;In 200-250 words, describe your experience with local walking routes in a casual, chatty way.
1198;Casual conversation;Write a casual 200-250 word response about managing multiple to-do list systems.
1199;Casual conversation;In 200-250 words, share your thoughts on creating a cozy reading nook.
1200;Casual conversation;Create a 200-250 word chat about funny misunderstandings between different generations.
1201;Marketing copy;Write persuasive marketing copy for a new smartphone with advanced camera features in 200-250 words.
1202;Marketing copy;Create promotional material for a luxury spa retreat weekend package in 200-250 words.
1203;Marketing copy;Write compelling marketing copy for a sustainable clothing brand's summer collection in 200-250 words.
1204;Marketing copy;Develop persuasive email marketing content announcing a 48-hour flash sale in 200-250 words.
1205;Marketing copy;Create 200-250 words of marketing copy for a subscription meal kit service emphasizing convenience and quality.
1206;Marketing copy;Write persuasive website copy for a personal fitness coaching service in 200-250 words.
1207;Marketing copy;Create promotional material for a newly launched productivity app in 200-250 words.
1208;Marketing copy;Write compelling marketing copy for a limited-edition watch collection in 200-250 words.
1209;Marketing copy;Develop 200-250 words of persuasive content for a natural skincare line's product page.
1210;Marketing copy;Create marketing copy for an online masterclass on digital marketing in 200-250 words.
1212;Marketing copy;Create persuasive copy for a home security system's features and benefits in 200-250 words.
1213;Marketing copy;Write compelling marketing content for a premium coffee subscription service in 200-250 words.
1214;Marketing copy;Develop 200-250 words of promotional copy for a virtual reality gaming headset.
1215;Marketing copy;Create persuasive marketing copy for an eco-friendly cleaning products brand in 200-250 words.
1216;Marketing copy;Write promotional material for a fitness wearable that tracks multiple health metrics in 200-250 words.
1217;Marketing copy;Create compelling marketing copy for a luxury electric vehicle in 200-250 words.
1218;Marketing copy;Write persuasive content for a financial planning service targeting young professionals in 200-250 words.
1219;Marketing copy;Develop 200-250 words of marketing copy for a high-end kitchen appliance.
1220;Marketing copy;Create promotional material for an AI-powered language learning application in 200-250 words.
1221;Marketing copy;Write compelling copy for a real estate agency specializing in urban properties in 200-250 words.
1222;Marketing copy;Create persuasive marketing content for a vitamin supplement targeting active lifestyles in 200-250 words.
1223;Marketing copy;Write promotional material for a streaming service's new original content in 200-250 words.
1224;Marketing copy;Develop 200-250 words of persuasive copy for a professional resume writing service.
1225;Marketing copy;Create marketing copy for an all-inclusive tropical vacation package in 200-250 words.
1226;Marketing copy;Write persuasive content for a project management software targeting remote teams in 200-250 words.
1227;Marketing copy;Create promotional material for a high-performance laptop for creative professionals in 200-250 words.
1228;Marketing copy;Write compelling marketing copy for an organic baby food delivery service in 200-250 words.
1229;Marketing copy;Develop 200-250 words of promotional content for a smart home automation system.
1230;Marketing copy;Create persuasive copy for a monthly book subscription box in 200-250 words.
1231;Marketing copy;Write marketing material for a handcrafted furniture brand emphasizing quality and craftsmanship in 200-250 words.
1232;Marketing copy;Create compelling copy for a premium dog food brand highlighting nutritional benefits in 200-250 words.
1233;Marketing copy;Write persuasive marketing content for a meditation app focusing on stress reduction in 200-250 words.
1234;Marketing copy;Develop 200-250 words of promotional copy for a noise-canceling headphones release.
1235;Marketing copy;Create marketing material for a cold-pressed juice delivery service in 200-250 words.
1236;Marketing copy;Write persuasive copy for a university's online degree program in 200-250 words.
1237;Marketing copy;Create promotional content for a photography masterclass series in 200-250 words.
1238;Marketing copy;Write compelling marketing copy for a plant-based meat alternative product in 200-250 words.
1239;Marketing copy;Develop 200-250 words of persuasive content for a carbon-neutral shipping service.
1240;Marketing copy;Create marketing copy for a travel credit card highlighting reward benefits in 200-250 words.
1241;Marketing copy;Write promotional material for a crossover SUV emphasizing safety features in 200-250 words.
1242;Marketing copy;Create persuasive copy for a home workout equipment brand in 200-250 words.
1243;Marketing copy;Write compelling marketing content for a cloud storage service offering enhanced security in 200-250 words.
1244;Marketing copy;Develop 200-250 words of promotional copy for a craft beer subscription service.
1245;Marketing copy;Create marketing material for a smart watch with health monitoring capabilities in 200-250 words.
1246;Marketing copy;Write persuasive copy for a dental clinic offering cosmetic services in 200-250 words.
1247;Marketing copy;Create promotional content for a business coaching program for entrepreneurs in 200-250 words.
1248;Marketing copy;Write compelling marketing copy for an ethical jewelry brand using recycled materials in 200-250 words.
1249;Marketing copy;Develop 200-250 words of persuasive content for a language translation service.
1250;Marketing copy;Create marketing copy for an online art gallery featuring emerging artists in 200-250 words.
1251;Marketing copy;Write promotional material for a high-efficiency air purifier in 200-250 words.
1252;Marketing copy;Create persuasive copy for a mobile banking app highlighting user-friendly features in 200-250 words.
1253;Marketing copy;Write compelling marketing content for a renewable energy provider in 200-250 words.
1254;Marketing copy;Develop 200-250 words of promotional copy for a gourmet chocolate gift box.
1255;Marketing copy;Create marketing material for a personal styling subscription service in 200-250 words.
1256;Marketing copy;Write persuasive copy for an ergonomic office chair designed for better posture in 200-250 words.
1257;Marketing copy;Create promotional content for a virtual cooking class series with celebrity chefs in 200-250 words.
1258;Marketing copy;Write compelling marketing copy for a premium hair care line in 200-250 words.
1259;Marketing copy;Develop 200-250 words of persuasive content for a digital marketing agency specializing in small businesses.
1261;Marketing copy;Write promotional material for an international language immersion program in 200-250 words.
1262;Marketing copy;Create persuasive copy for a travel insurance package covering adventure activities in 200-250 words.
1263;Marketing copy;Write compelling marketing content for a subscription toy box for children in 200-250 words.
1264;Marketing copy;Develop 200-250 words of promotional copy for a personal budgeting app.
1265;Marketing copy;Create marketing material for a farm-to-table restaurant emphasizing local ingredients in 200-250 words.
1266;Marketing copy;Write persuasive copy for an online therapy service offering convenience and privacy in 200-250 words.
1267;Marketing copy;Create promotional content for a smart garden system for growing herbs indoors in 200-250 words.
1268;Marketing copy;Write compelling marketing copy for a custom portrait service in 200-250 words.
1269;Marketing copy;Develop 200-250 words of persuasive content for a virtual personal assistant service.
1270;Marketing copy;Create marketing copy for a luxury candle brand with unique scent stories in 200-250 words.
1271;Marketing copy;Write promotional material for a coding bootcamp promising career transformation in 200-250 words.
1272;Marketing copy;Create persuasive copy for a premium pet grooming service in 200-250 words.
1273;Marketing copy;Write compelling marketing content for a fitness app with personalized workout plans in 200-250 words.
1274;Marketing copy;Develop 200-250 words of promotional copy for an organic wine subscription.
1275;Marketing copy;Create marketing material for a personal safety device with GPS tracking in 200-250 words.
1276;Marketing copy;Write persuasive copy for a cloud-based accounting software for freelancers in 200-250 words.
1277;Marketing copy;Create promotional content for a handmade ceramic homeware collection in 200-250 words.
1278;Marketing copy;Write compelling marketing copy for a vitamin-infused water brand in 200-250 words.
1279;Marketing copy;Develop 200-250 words of persuasive content for a career coaching service for executives.
1280;Marketing copy;Create marketing copy for a virtual reality travel experience app in 200-250 words.
1281;Marketing copy;Write promotional material for a premium sunglasses brand emphasizing UV protection in 200-250 words.
1282;Marketing copy;Create persuasive copy for a waterproof outdoor speaker with exceptional sound quality in 200-250 words.
1283;Marketing copy;Write compelling marketing content for a sustainable travel luggage company in 200-250 words.
1284;Marketing copy;Develop 200-250 words of promotional copy for a meal planning service for busy families.
1285;Marketing copy;Create marketing material for an AI-powered home fitness mirror in 200-250 words.
1286;Marketing copy;Write persuasive copy for a premium olive oil subscription sourced from family farms in 200-250 words.
1287;Marketing copy;Create promotional content for a sleep tracking device with personalized insights in 200-250 words.
1288;Marketing copy;Write compelling marketing copy for a luxury tiny home construction company in 200-250 words.
1289;Marketing copy;Develop 200-250 words of persuasive content for a customizable smartphone case brand.
1290;Marketing copy;Create marketing copy for a smart doorbell with enhanced security features in 200-250 words.
1291;Marketing copy;Write promotional material for a private helicopter tour service in 200-250 words.
1292;Marketing copy;Create persuasive copy for a plant-based protein powder for athletes in 200-250 words.
1293;Marketing copy;Write compelling marketing content for a digital art course teaching professional techniques in 200-250 words.
1294;Marketing copy;Develop 200-250 words of promotional copy for a weatherproof outdoor furniture collection.
1295;Marketing copy;Create marketing material for a DNA ancestry testing kit in 200-250 words.
1296;Marketing copy;Write persuasive copy for a renewable home energy system with tax benefits in 200-250 words.
1297;Marketing copy;Create promotional content for a mindful parenting workshop series in 200-250 words.
1298;Marketing copy;Write compelling marketing copy for a high-end blender with multiple functions in 200-250 words.
1299;Marketing copy;Develop 200-250 words of persuasive content for a fashion rental subscription for designer clothes.
1300;Marketing copy;Create marketing copy for a personalized children's book service in 200-250 words.
1301;Marketing copy;Write promotional material for a voice-activated smart home entertainment system in 200-250 words.
1302;Marketing copy;Create persuasive copy for a zero-waste grocery delivery service in 200-250 words.
1303;Marketing copy;Write compelling marketing content for a luxury cruise line's exclusive packages in 200-250 words.
1304;Marketing copy;Develop 200-250 words of promotional copy for a professional networking platform.
1305;Marketing copy;Create marketing material for a hydration tracking water bottle in 200-250 words.
1306;Marketing copy;Write persuasive copy for a virtual interior design service in 200-250 words.
1307;Marketing copy;Create promotional content for a limited-edition sneaker collaboration in 200-250 words.
1308;Marketing copy;Write compelling marketing copy for a digital nomad co-living space in 200-250 words.
1309;Marketing copy;Develop 200-250 words of persuasive content for a customizable vitamin subscription service.
1310;Marketing copy;Create marketing copy for an upscale meal preparation service for health-conscious professionals in 200-250 words.
1311;Marketing copy;Write promotional material for a premium podcast hosting platform for creators in 200-250 words.
1312;Marketing copy;Create persuasive copy for a drone with advanced photography capabilities in 200-250 words.
1313;Marketing copy;Write compelling marketing content for a concierge medical service with 24/7 access in 200-250 words.
1315;Marketing copy;Create marketing material for a sustainable bamboo clothing line in 200-250 words.
1316;Marketing copy;Write persuasive copy for a retirement planning service focusing on early preparation in 200-250 words.
1317;Marketing copy;Create promotional content for a bespoke suit tailoring service in 200-250 words.
1318;Marketing copy;Write compelling marketing copy for a memory foam mattress with cooling technology in 200-250 words.
1319;Marketing copy;Develop 200-250 words of persuasive content for a natural deodorant brand.
1320;Marketing copy;Create marketing copy for an immersive virtual concert platform in 200-250 words.
1321;Marketing copy;Write promotional material for a luxury pet accessories brand in 200-250 words.
1322;Marketing copy;Create persuasive copy for a digital estate planning service in 200-250 words.
1323;Marketing copy;Write compelling marketing content for a gourmet coffee roaster with ethically sourced beans in 200-250 words.
1324;Marketing copy;Develop 200-250 words of promotional copy for a high-performance electric bicycle.
1325;Marketing copy;Create marketing material for a personal carbon footprint tracking app in 200-250 words.
1326;Marketing copy;Write persuasive copy for a business expense management software in 200-250 words.
1327;Marketing copy;Create promotional content for an artisanal cheese subscription box in 200-250 words.
1328;Marketing copy;Write compelling marketing copy for a luxury yacht charter service in 200-250 words.
1329;Marketing copy;Develop 200-250 words of persuasive content for a skin analysis app with personalized recommendations.
1330;Marketing copy;Create marketing copy for a voice coaching program for public speakers in 200-250 words.
1331;Marketing copy;Write promotional material for an AI-powered email management tool in 200-250 words.
1332;Marketing copy;Create persuasive copy for a premium dog walking service with real-time updates in 200-250 words.
1333;Marketing copy;Write compelling marketing content for a boutique hotel chain with unique local experiences in 200-250 words.
1334;Marketing copy;Develop 200-250 words of promotional copy for a wireless charging station for multiple devices.
1335;Marketing copy;Create marketing material for a personalized nutrition plan based on DNA testing in 200-250 words.
1336;Marketing copy;Write persuasive copy for a digital art investment platform featuring NFTs in 200-250 words.
1337;Marketing copy;Create promotional content for a smart kitchen scale with recipe integration in 200-250 words.
1338;Marketing copy;Write compelling marketing copy for a premium men's grooming kit in 200-250 words.
1339;Marketing copy;Develop 200-250 words of persuasive content for a high-end camera lens rental service.
1340;Marketing copy;Create marketing copy for a children's educational coding toy in 200-250 words.
1341;Marketing copy;Write promotional material for a sustainable fashion rental platform in 200-250 words.
1342;Marketing copy;Create persuasive copy for a celebrity fitness trainer's online program in 200-250 words.
1343;Marketing copy;Write compelling marketing content for a customizable smart home lighting system in 200-250 words.
1344;Marketing copy;Develop 200-250 words of promotional copy for a direct-to-consumer prescription eyewear service.
1346;Marketing copy;Write persuasive copy for a noise-monitoring app for better sleep in 200-250 words.
1347;Marketing copy;Create promotional content for a brand of eco-friendly household cleaning products in 200-250 words.
1348;Marketing copy;Write compelling marketing copy for a private island vacation rental in 200-250 words.
1349;Marketing copy;Develop 200-250 words of persuasive content for a curated vintage fashion marketplace.
1350;Marketing copy;Create marketing copy for a business leadership retreat in a natural setting in 200-250 words.
1351;Marketing copy;Write promotional material for a smart thermostat that learns user preferences in 200-250 words.
1352;Marketing copy;Create persuasive copy for a custom smartphone app development service in 200-250 words.
1353;Marketing copy;Write compelling marketing content for an outdoor adventure gear brand in 200-250 words.
1354;Marketing copy;Develop 200-250 words of promotional copy for a contactless payment solution for small businesses.
1355;Marketing copy;Create marketing material for a luxury pet hotel with webcam access in 200-250 words.
1356;Marketing copy;Write persuasive copy for a virtual wine tasting experience with home delivery in 200-250 words.
1357;Marketing copy;Create promotional content for a portable solar charger for outdoor enthusiasts in 200-250 words.
1358;Marketing copy;Write compelling marketing copy for a private jet membership service in 200-250 words.
1359;Marketing copy;Develop 200-250 words of persuasive content for a CBD wellness product line.
1360;Marketing copy;Create marketing copy for a subscription box featuring products from female entrepreneurs in 200-250 words.
1361;Marketing copy;Write promotional material for a home bartending course with professional mixologists in 200-250 words.
1362;Marketing copy;Create persuasive copy for a self-cleaning water bottle with UV sterilization in 200-250 words.
1363;Marketing copy;Write compelling marketing content for a virtual reality fitness game in 200-250 words.
1364;Marketing copy;Develop 200-250 words of promotional copy for a premium note-taking app with cloud sync.
1365;Marketing copy;Create marketing material for a customizable children's playhouse kit in 200-250 words.
1366;Marketing copy;Write persuasive copy for a personal finance podcast focusing on wealth building in 200-250 words.
1367;Marketing copy;Create promotional content for a luxury watch restoration service in 200-250 words.
1369;Marketing copy;Develop 200-250 words of persuasive content for a travel photography workshop in exotic locations.
1370;Marketing copy;Create marketing copy for a smart baby monitor with sleep analytics in 200-250 words.
1371;Marketing copy;Write promotional material for a cloud-based video editing software for professionals in 200-250 words.
1372;Marketing copy;Create persuasive copy for a premium kombucha subscription with exotic flavors in 200-250 words.
1373;Marketing copy;Write compelling marketing content for a high-performance running shoe in 200-250 words.
1374;Marketing copy;Develop 200-250 words of promotional copy for a personalized gift curation service.
1375;Marketing copy;Create marketing material for a holistic health retreat with personalized wellness plans in 200-250 words.
1376;Marketing copy;Write persuasive copy for a handcrafted leather goods brand emphasizing lifetime durability in 200-250 words.
1377;Marketing copy;Create promotional content for a voice-controlled home assistant specialized for seniors in 200-250 words.
1378;Marketing copy;Write compelling marketing copy for a premium ice cream brand using unconventional flavors in 200-250 words.
1379;Marketing copy;Develop 200-250 words of persuasive content for a virtual team-building experience service.
1380;Marketing copy;Create marketing copy for a customizable smart ring with health tracking features in 200-250 words.
1381;Marketing copy;Write promotional material for a luxury picnic planning service in 200-250 words.
1382;Marketing copy;Create persuasive copy for a subscription flower delivery service featuring seasonal blooms in 200-250 words.
1383;Marketing copy;Write compelling marketing content for a premium instant camera with modern features in 200-250 words.
1384;Marketing copy;Develop 200-250 words of promotional copy for a mobile car detailing service that comes to you.
1385;Marketing copy;Create marketing material for a high-end home gym equipment brand in 200-250 words.
1386;Marketing copy;Write persuasive copy for a digital planner app with productivity analytics in 200-250 words.
1387;Marketing copy;Create promotional content for a luxury cat furniture brand in 200-250 words.
1388;Marketing copy;Write compelling marketing copy for a personalized fragrance creation service in 200-250 words.
1389;Marketing copy;Develop 200-250 words of persuasive content for a streaming fitness class platform.
1390;Marketing copy;"Create marketing copy for a luxury camping gear brand for ""glamping"" enthusiasts in 200-250 words."
1392;Marketing copy;Create persuasive copy for a premium hot sauce subscription featuring international flavors in 200-250 words.
1393;Marketing copy;Write compelling marketing content for an adventure photography tour service in 200-250 words.
1394;Marketing copy;Develop 200-250 words of promotional copy for a professional networking event series.
1395;Marketing copy;Create marketing material for a customizable smart jewelry line in 200-250 words.
1396;Marketing copy;Write persuasive copy for a virtual museum tour subscription with expert commentary in 200-250 words.
1397;Marketing copy;Create promotional content for a premium beard care kit in 200-250 words.
1398;Marketing copy;Write compelling marketing copy for a sustainable home design consultation service in 200-250 words.
1399;Marketing copy;Develop 200-250 words of persuasive content for a boutique online education platform.
1400;Marketing copy;Create marketing copy for a voice-enabled recipe assistant device in 200-250 words.
1401;Marketing copy;Write promotional material for a premium plant delivery service focusing on rare varieties in 200-250 words.
1403;Marketing copy;Write compelling marketing content for a designer collaboration with a mass-market retailer in 200-250 words.
1404;Marketing copy;Develop 200-250 words of promotional copy for a smart bike lock with GPS tracking.
1405;Marketing copy;Create marketing material for a heritage grain bread subscription in 200-250 words.
1406;Marketing copy;Write persuasive copy for a premium email service with enhanced privacy features in 200-250 words.
1407;Marketing copy;Create promotional content for a virtual escape room experience for remote teams in 200-250 words.
1408;Marketing copy;Write compelling marketing copy for a luxury skincare line using rare ingredients in 200-250 words.
1409;Marketing copy;Develop 200-250 words of persuasive content for a voice-controlled smart mirror.
1410;Marketing copy;Create marketing copy for a high-end wireless earbuds with personalized sound profiles in 200-250 words.
1411;Marketing copy;Write promotional material for a sustainable home cleaning service using eco-friendly products in 200-250 words.
1412;Marketing copy;Create persuasive copy for a limited-edition artist collaboration footwear in 200-250 words.
1413;Marketing copy;Write compelling marketing content for a premium dog training program with certified specialists in 200-250 words.
1414;Marketing copy;Develop 200-250 words of promotional copy for a smart herb garden for indoor growing.
1415;Marketing copy;Create marketing material for a luxury sleep mask with built-in sound machine in 200-250 words.
1416;Marketing copy;Write persuasive copy for a podcast production service for businesses in 200-250 words.
1417;Marketing copy;Create promotional content for a premium portable espresso maker for travelers in 200-250 words.
1418;Marketing copy;Write compelling marketing copy for a sustainable swimwear line made from recycled ocean plastic in 200-250 words.
1419;Marketing copy;Develop 200-250 words of persuasive content for a customizable smart watch face marketplace.
1420;Marketing copy;Create marketing copy for a personalized book recommendation service in 200-250 words.
1421;Marketing copy;Write promotional material for a premium dash cam with AI incident detection in 200-250 words.
1422;Marketing copy;Create persuasive copy for a luxury handmade soap subscription box in 200-250 words.
1423;Marketing copy;Write compelling marketing content for a private swimming lesson service with Olympic trainers in 200-250 words.
1424;Marketing copy;Develop 200-250 words of promotional copy for a smart luggage with built-in weight sensors.
1425;Marketing copy;Create marketing material for a gourmet BBQ sauce collection in 200-250 words.
1426;Marketing copy;Write persuasive copy for a wellness retreat focused on digital detox in 200-250 words.
1428;Marketing copy;Write compelling marketing copy for a premium home karaoke system in 200-250 words.
1429;Marketing copy;Develop 200-250 words of persuasive content for a personalized workout plan app with AI coaching.
1430;Marketing copy;Create marketing copy for a curated international snack box subscription in 200-250 words.
1431;Marketing copy;Write promotional material for a premium car washing service that comes to your location in 200-250 words.
1432;Marketing copy;Create persuasive copy for a handcrafted wooden watch collection in 200-250 words.
1433;Marketing copy;Write compelling marketing content for a virtual reality meditation experience in 200-250 words.
1434;Marketing copy;Develop 200-250 words of promotional copy for a smart water bottle with hydration reminders.
1435;Marketing copy;Create marketing material for a premium noise-canceling sleep earbuds in 200-250 words.
1436;Marketing copy;Write persuasive copy for a personalized children's adventure storybook service in 200-250 words.
1437;Marketing copy;Create promotional content for a luxury winter sports equipment rental service in 200-250 words.
1438;Marketing copy;Write compelling marketing copy for an AI-powered personal shopping assistant in 200-250 words.
1439;Marketing copy;Develop 200-250 words of persuasive content for a premium indoor air quality monitor.
1440;Marketing copy;Create marketing copy for a high-end board game subscription featuring collector's editions in 200-250 words.
1441;Marketing copy;Write promotional material for a virtual sommelier service with wine pairings in 200-250 words.
1442;Marketing copy;Create persuasive copy for a smart garden irrigation system in 200-250 words.
1443;Marketing copy;Write compelling marketing content for a premium travel planning service for off-the-beaten-path destinations in 200-250 words.
1444;Marketing copy;Develop 200-250 words of promotional copy for a wireless charging furniture collection.
1445;Marketing copy;Create marketing material for a specialized cooking class series with celebrity chefs in 200-250 words.
1446;Marketing copy;Write persuasive copy for a premium digital art frame with museum-quality display in 200-250 words.
1447;Marketing copy;Create promotional content for a customizable protein bar subscription service in 200-250 words.
1448;Marketing copy;Write compelling marketing copy for a luxury pen collection with personalized engraving in 200-250 words.
1449;Marketing copy;Develop 200-250 words of persuasive content for a smart home security system with facial recognition.
1450;Marketing copy;Create marketing copy for a premium coffee maker with precision temperature control in 200-250 words.
1451;Marketing copy;Write promotional material for a luxury sailing experience with private chef in 200-250 words.
1452;Marketing copy;Create persuasive copy for a high-end virtual reality headset for professional use in 200-250 words.
1453;Marketing copy;Write compelling marketing content for a personalized skincare formula based on skin analysis in 200-250 words.
1454;Marketing copy;Develop 200-250 words of promotional copy for a smart lighting system that mimics natural sunlight.
1455;Marketing copy;Create marketing material for a premium audiobook platform featuring exclusive content in 200-250 words.
1456;Marketing copy;Write persuasive copy for a sustainable bamboo toothbrush subscription in 200-250 words.
1457;Marketing copy;Create promotional content for a luxury home sauna installation service in 200-250 words.
1458;Marketing copy;Write compelling marketing copy for a premium online cooking school with interactive classes in 200-250 words.
1459;Marketing copy;Develop 200-250 words of persuasive content for a personalized workout clothing subscription.
1460;Marketing copy;Create marketing copy for a high-end gaming chair with ergonomic features in 200-250 words.
1461;Marketing copy;Write promotional material for a luxury car detailing service with ceramic coating in 200-250 words.
1462;Marketing copy;Create persuasive copy for a premium smart outlet with energy usage tracking in 200-250 words.
1463;Marketing copy;Write compelling marketing content for a specialized photography workshop in exotic locations in 200-250 words.
1464;Marketing copy;Develop 200-250 words of promotional copy for a smart mirror with fitness tracking capabilities.
1465;Marketing copy;Create marketing material for a premium dog walking service with real-time GPS tracking in 200-250 words.
1466;Marketing copy;Write persuasive copy for a luxury handmade chocolate subscription in 200-250 words.
1467;Marketing copy;Create promotional content for a high-end portable bluetooth speaker with exceptional sound quality in 200-250 words.
1468;Marketing copy;Write compelling marketing copy for a premium online language tutoring service with native speakers in 200-250 words.
1470;Marketing copy;Create marketing copy for a high-performance laptop cooling pad for gamers in 200-250 words.
1471;Marketing copy;Write promotional material for a luxury outdoor furniture collection in 200-250 words.
1472;Marketing copy;Create persuasive copy for a premium smart scale with body composition analysis in 200-250 words.
1473;Marketing copy;Write compelling marketing content for a private wine cellar consultation service in 200-250 words.
1474;Marketing copy;Develop 200-250 words of promotional copy for a smart sleep mask with sleep tracking features.
1475;Marketing copy;Create marketing material for a premium monthly art print subscription in 200-250 words.
1476;Marketing copy;Write persuasive copy for a high-end home movie theater installation service in 200-250 words.
1477;Marketing copy;Create promotional content for a luxury watch winder collection in 200-250 words.
1478;Marketing copy;Write compelling marketing copy for a premium meal planning app with grocery delivery integration in 200-250 words.
1479;Marketing copy;Develop 200-250 words of persuasive content for a personalized corporate gift service.
1480;Marketing copy;Create marketing copy for a high-end smart toaster with precision browning control in 200-250 words.
1481;Marketing copy;Write promotional material for a luxury pet photography service in 200-250 words.
1482;Marketing copy;Create persuasive copy for a premium online portfolio platform for creative professionals in 200-250 words.
1483;Marketing copy;Write compelling marketing content for a specialized sports coaching app with video analysis in 200-250 words.
1484;Marketing copy;Develop 200-250 words of promotional copy for a smart sous vide cooker with recipe database.
1485;Marketing copy;Create marketing material for a premium home cocktail delivery kit in 200-250 words.
1486;Marketing copy;Write persuasive copy for a luxury leather journal subscription with monthly prompts in 200-250 words.
1487;Marketing copy;Create promotional content for a high-end home air purification system in 200-250 words.
1488;Marketing copy;Write compelling marketing copy for a premium online art auction platform in 200-250 words.
1489;Marketing copy;Develop 200-250 words of persuasive content for a personalized athletic shoe design service.
1490;Marketing copy;Create marketing copy for a high-end smart doorbell with package detection in 200-250 words.
1491;Marketing copy;Write promotional material for a luxury yacht rental service for day cruises in 200-250 words.
1492;Marketing copy;Create persuasive copy for a premium online music production course with industry professionals in 200-250 words.
1493;Marketing copy;Write compelling marketing content for a specialized gardening tool subscription box in 200-250 words.
1494;Marketing copy;Develop 200-250 words of promotional copy for a smart jewelry with SOS alert features.
1496;Marketing copy;Write persuasive copy for a high-end home office design consultation service in 200-250 words.
1497;Marketing copy;Create promotional content for a luxury tea subscription featuring rare global varieties in 200-250 words.
1498;Marketing copy;Write compelling marketing copy for a premium online chess coaching service with grandmasters in 200-250 words.
1499;Marketing copy;Develop 200-250 words of persuasive content for a personalized anniversary gift service.
1500;Marketing copy;Create marketing copy for a high-end smart home integration service that connects all devices in 200-250 words.
1501;News reporting;Write an objective news report about a local community garden opening in 200-250 words, using journalistic style.
1502;News reporting;In 200-250 words, create a factual news article covering a recent technological breakthrough in renewable energy.
1503;News reporting;Write a 200-250 word objective news report about a city council meeting discussing a controversial new development project.
1504;News reporting;In journalistic style, write a 200-250 word news report about a major sporting event's unexpected outcome.
1506;News reporting;Write a 200-250 word news report covering a press conference announcing a new public health initiative.
1507;News reporting;In 200-250 words, write an objective news article about a natural disaster's impact on a local community.
1508;News reporting;Create a 200-250 word journalistic piece reporting on a national election result.
1509;News reporting;Write a 200-250 word news report about an international peace treaty signing.
1510;News reporting;In journalistic style, create a 200-250 word news article about a major company's quarterly earnings announcement.
1511;News reporting;Write a 200-250 word objective report about a protest movement gaining momentum in a major city.
1512;News reporting;In 200-250 words, create a news article about a landmark court decision affecting civil rights.
1513;News reporting;Write a 200-250 word journalistic report about a breakthrough medical treatment receiving FDA approval.
1514;News reporting;In 200-250 words, create an objective news article covering a space exploration milestone.
1515;News reporting;Write a news report in 200-250 words about a major transportation infrastructure project breaking ground.
1517;News reporting;Write a 200-250 word objective news report about a multinational summit addressing global challenges.
1518;News reporting;In 200-250 words, create a news article about a corporate merger that will impact thousands of employees.
1519;News reporting;Write a 200-250 word journalistic piece about an educational policy change affecting public schools.
1520;News reporting;In objective news style, create a 200-250 word report about a cultural festival celebrating diversity.
1521;News reporting;Write a 200-250 word news article about a severe weather event and emergency response efforts.
1522;News reporting;In journalistic style, write a 200-250 word report about a celebrity fundraising event for humanitarian causes.
1523;News reporting;Create a 200-250 word objective news article about a cybersecurity breach affecting consumer data.
1524;News reporting;Write a 200-250 word news report covering a historic diplomatic visit between two nations.
1525;News reporting;In journalistic style, create a 200-250 word article about an economic indicator report showing significant changes.
1526;News reporting;Write a 200-250 word objective news report about a transportation strike affecting commuters.
1527;News reporting;In 200-250 words, create a news article about a legislative vote on a controversial bill.
1529;News reporting;In objective reporting style, create a 200-250 word article about a new trade agreement between countries.
1530;News reporting;Write a 200-250 word news report about environmental regulations being implemented by a government agency.
1531;News reporting;In journalistic style, create a 200-250 word article about a major sporting championship result.
1532;News reporting;Write a 200-250 word objective news report about a significant anniversary of a historical event.
1533;News reporting;In 200-250 words, create a news article about a military operation or peacekeeping mission.
1534;News reporting;Write a 200-250 word journalistic piece about an agricultural development affecting food supplies.
1535;News reporting;In objective reporting style, create a 200-250 word article about a central bank's interest rate decision.
1536;News reporting;Write a 200-250 word news report about a technology company launching an innovative product.
1537;News reporting;In journalistic style, create a 200-250 word article about a humanitarian crisis and relief efforts.
1538;News reporting;Write a 200-250 word objective news report about a breakthrough in artificial intelligence research.
1539;News reporting;In 200-250 words, create a news article about election campaign developments in a contested race.
1540;News reporting;Write a 200-250 word journalistic piece about a university research team's significant findings.
1541;News reporting;In objective reporting style, create a 200-250 word article about an international sports competition opening ceremony.
1542;News reporting;Write a 200-250 word news report about changes to immigration policies and their potential impacts.
1543;News reporting;In journalistic style, create a 200-250 word article about a major infrastructure failure affecting public services.
1544;News reporting;Write a 200-250 word objective news report about a new entertainment venue opening in a city.
1545;News reporting;In 200-250 words, create a news article about a judicial appointment to a high court.
1546;News reporting;Write a 200-250 word journalistic piece about emerging trends in a specific industry.
1547;News reporting;In objective reporting style, create a 200-250 word article about a major award ceremony in the arts.
1548;News reporting;Write a 200-250 word news report about a public health study revealing important findings.
1549;News reporting;In journalistic style, create a 200-250 word article about a significant anniversary of a civil rights milestone.
1550;News reporting;Write a 200-250 word objective news report about an economic forecast from a major financial institution.
1552;News reporting;Write a 200-250 word journalistic piece about extreme weather patterns linked to climate change.
1553;News reporting;In objective reporting style, create a 200-250 word article about a space agency's new mission announcement.
1554;News reporting;Write a 200-250 word news report about a local business expansion creating new jobs.
1555;News reporting;In journalistic style, create a 200-250 word article about a transportation safety investigation's findings.
1556;News reporting;Write a 200-250 word objective news report about a landmark preservation effort in a historic district.
1557;News reporting;In 200-250 words, create a news article about changes to consumer protection regulations.
1558;News reporting;Write a 200-250 word journalistic piece about a scientific conference presenting breakthrough research.
1559;News reporting;In objective reporting style, create a 200-250 word article about a humanitarian award recipient's achievements.
1560;News reporting;Write a 200-250 word news report about a labor negotiation between workers and management.
1561;News reporting;In journalistic style, create a 200-250 word article about a criminal trial verdict in a high-profile case.
1562;News reporting;Write a 200-250 word objective news report about a foreign policy statement from a government official.
1563;News reporting;In 200-250 words, create a news article about a natural conservation effort saving an endangered species.
1564;News reporting;Write a 200-250 word journalistic piece about a technology safety concern affecting consumer products.
1565;News reporting;In objective reporting style, create a 200-250 word article about a cultural heritage site receiving international recognition.
1566;News reporting;Write a 200-250 word news report about a major sporting event's economic impact on the host city.
1567;News reporting;In journalistic style, create a 200-250 word article about a transportation innovation pilot program.
1568;News reporting;Write a 200-250 word objective news report about a housing policy change affecting urban development.
1569;News reporting;In 200-250 words, create a news article about a state or provincial budget announcement.
1570;News reporting;Write a 200-250 word journalistic piece about a public health initiative's preliminary results.
1571;News reporting;In objective reporting style, create a 200-250 word article about an international aid package for a developing region.
1572;News reporting;Write a 200-250 word news report about a significant change in diplomatic relations between nations.
1573;News reporting;In journalistic style, create a 200-250 word article about a renewable energy project coming online.
1574;News reporting;Write a 200-250 word objective news report about a retail industry transformation affecting consumers.
1575;News reporting;In 200-250 words, create a news article about a manufacturing plant opening or closing in a community.
1576;News reporting;Write a 200-250 word journalistic piece about an education system performance report.
1577;News reporting;In objective reporting style, create a 200-250 word article about a military technology development.
1578;News reporting;Write a 200-250 word news report about a financial market reaction to economic data.
1579;News reporting;In journalistic style, create a 200-250 word article about a pharmaceutical breakthrough for a common disease.
1581;News reporting;In 200-250 words, create a news article about a legal ruling affecting business practices.
1582;News reporting;Write a 200-250 word journalistic piece about a consumer price index report showing inflation trends.
1583;News reporting;In objective reporting style, create a 200-250 word article about a water conservation mandate during drought conditions.
1584;News reporting;Write a 200-250 word news report about a tourism initiative aimed at economic recovery.
1585;News reporting;In journalistic style, create a 200-250 word article about a public safety announcement from government officials.
1586;News reporting;Write a 200-250 word objective news report about an aviation safety investigation's conclusions.
1587;News reporting;In 200-250 words, create a news article about a wildlife management decision affecting an ecosystem.
1588;News reporting;Write a 200-250 word journalistic piece about a demographic trend revealed in census data.
1589;News reporting;In objective reporting style, create a 200-250 word article about a transportation infrastructure funding announcement.
1590;News reporting;Write a 200-250 word news report about a political candidate's campaign launch.
1591;News reporting;In journalistic style, create a 200-250 word article about an agricultural technology improving crop yields.
1592;News reporting;Write a 200-250 word objective news report about a healthcare system reform implementation.
1593;News reporting;In 200-250 words, create a news article about a law enforcement technology deployment.
1594;News reporting;Write a 200-250 word journalistic piece about an international organization's annual report findings.
1595;News reporting;In objective reporting style, create a 200-250 word article about a cultural institution receiving significant funding.
1596;News reporting;Write a 200-250 word news report about a space exploration achievement.
1597;News reporting;In journalistic style, create a 200-250 word article about a labor market report showing employment trends.
1598;News reporting;Write a 200-250 word objective news report about an environmental protection measure being enforced.
1599;News reporting;In 200-250 words, create a news article about a significant scientific grant awarded for innovative research.
1600;News reporting;Write a 200-250 word journalistic piece about a human rights report on a specific region.
1601;News reporting;In objective reporting style, create a 200-250 word article about a major sporting record being broken.
1602;News reporting;Write a 200-250 word news report about an international trade dispute and its economic implications.
1603;News reporting;In journalistic style, create a 200-250 word article about a transportation accident investigation.
1604;News reporting;Write a 200-250 word objective news report about a legislative committee's findings on a public issue.
1605;News reporting;In 200-250 words, create a news article about a corporate social responsibility initiative's impact.
1606;News reporting;Write a 200-250 word journalistic piece about a technology company's data privacy practices.
1607;News reporting;In objective reporting style, create a 200-250 word article about an urban redevelopment project affecting a neighborhood.
1608;News reporting;Write a 200-250 word news report about a public health emergency declaration.
1610;News reporting;Write a 200-250 word objective news report about a historical artifact discovery.
1611;News reporting;In 200-250 words, create a news article about a political leadership change following an election.
1612;News reporting;Write a 200-250 word journalistic piece about a marine conservation initiative.
1613;News reporting;In objective reporting style, create a 200-250 word article about a consumer safety recall affecting popular products.
1614;News reporting;Write a 200-250 word news report about an educational achievement gap identified in a study.
1615;News reporting;In journalistic style, create a 200-250 word article about a scientific expedition's discoveries.
1616;News reporting;Write a 200-250 word objective news report about an economic stimulus package announcement.
1617;News reporting;In 200-250 words, create a news article about a transportation system modernization project.
1618;News reporting;Write a 200-250 word journalistic piece about a digital privacy law implementation.
1619;News reporting;In objective reporting style, create a 200-250 word article about an international cultural exchange program.
1620;News reporting;Write a 200-250 word news report about a regional security alliance formation.
1621;News reporting;In journalistic style, create a 200-250 word article about an environmental impact assessment for a proposed project.
1622;News reporting;Write a 200-250 word objective news report about a religious or cultural celebration's observance.
1623;News reporting;In 200-250 words, create a news article about a high-level diplomatic meeting between world leaders.
1624;News reporting;Write a 200-250 word journalistic piece about a telecommunications infrastructure upgrade.
1625;News reporting;In objective reporting style, create a 200-250 word article about a food safety regulation change.
1626;News reporting;Write a 200-250 word news report about a historical commemoration ceremony.
1627;News reporting;In journalistic style, create a 200-250 word article about a medical research funding announcement.
1628;News reporting;Write a 200-250 word objective news report about a military exercise between allied nations.
1629;News reporting;In 200-250 words, create a news article about a financial institution's new consumer banking policy.
1630;News reporting;Write a 200-250 word journalistic piece about an urban planning initiative for sustainable development.
1631;News reporting;In objective reporting style, create a 200-250 word article about a technology industry regulatory change.
1633;News reporting;In journalistic style, create a 200-250 word article about a global health organization's recommendation.
1634;News reporting;Write a 200-250 word objective news report about a university expansion project.
1635;News reporting;In 200-250 words, create a news article about an industrial accident investigation.
1636;News reporting;Write a 200-250 word journalistic piece about a statistical report on economic inequality.
1637;News reporting;In objective reporting style, create a 200-250 word article about a refugee resettlement program.
1638;News reporting;Write a 200-250 word news report about a significant archaeological finding changing historical understanding.
1639;News reporting;In journalistic style, create a 200-250 word article about an energy grid modernization project.
1640;News reporting;Write a 200-250 word objective news report about a legal settlement in a consumer class action lawsuit.
1641;News reporting;In 200-250 words, create a news article about a wildlife population recovery effort.
1642;News reporting;Write a 200-250 word journalistic piece about a currency valuation change affecting international trade.
1643;News reporting;In objective reporting style, create a 200-250 word article about a national park conservation project.
1644;News reporting;Write a 200-250 word news report about a legislative session opening with a contentious agenda.
1645;News reporting;In journalistic style, create a 200-250 word article about an agricultural subsidy program change.
1646;News reporting;Write a 200-250 word objective news report about a landmark architectural preservation effort.
1647;News reporting;In 200-250 words, create a news article about a corporate headquarters relocation impact.
1648;News reporting;Write a 200-250 word journalistic piece about a military hardware acquisition program.
1649;News reporting;In objective reporting style, create a 200-250 word article about a child welfare policy reform.
1650;News reporting;Write a 200-250 word news report about a disease eradication milestone announcement.
1651;News reporting;In journalistic style, create a 200-250 word article about an international arts festival opening.
1652;News reporting;Write a 200-250 word objective news report about a water quality crisis in a community.
1653;News reporting;In 200-250 words, create a news article about a legislative ethics investigation conclusion.
1654;News reporting;Write a 200-250 word journalistic piece about an urban housing affordability study.
1655;News reporting;In objective reporting style, create a 200-250 word article about a major sports team relocation.
1656;News reporting;Write a 200-250 word news report about a corporate governance scandal.
1657;News reporting;In journalistic style, create a 200-250 word article about a scientific research facility opening.
1658;News reporting;Write a 200-250 word objective news report about a border security policy change.
1659;News reporting;In 200-250 words, create a news article about a humanitarian corridor established in a conflict zone.
1660;News reporting;Write a 200-250 word journalistic piece about a global supply chain disruption.
1661;News reporting;In objective reporting style, create a 200-250 word article about a significant investment in public transportation.
1662;News reporting;Write a 200-250 word news report about a digital surveillance policy debate.
1663;News reporting;In journalistic style, create a 200-250 word article about a renewable energy milestone achievement.
1664;News reporting;Write a 200-250 word objective news report about an international sporting event hosting announcement.
1665;News reporting;In 200-250 words, create a news article about a national census data release.
1666;News reporting;Write a 200-250 word journalistic piece about a fishing industry regulation change.
1667;News reporting;In objective reporting style, create a 200-250 word article about a veterans' healthcare program expansion.
1668;News reporting;Write a 200-250 word news report about a naval fleet deployment for humanitarian assistance.
1669;News reporting;In journalistic style, create a 200-250 word article about a pharmaceutical drug recall.
1670;News reporting;Write a 200-250 word objective news report about a historical building restoration completion.
1671;News reporting;In 200-250 words, create a news article about a government transparency initiative launch.
1672;News reporting;Write a 200-250 word journalistic piece about a mental health awareness campaign.
1673;News reporting;In objective reporting style, create a 200-250 word article about an agricultural pest threatening crop production.
1674;News reporting;Write a 200-250 word news report about a notable retirement of a public figure.
1675;News reporting;In journalistic style, create a 200-250 word article about a consumer confidence index report.
1676;News reporting;Write a 200-250 word objective news report about a significant donation to an educational institution.
1677;News reporting;In 200-250 words, create a news article about a wildlife trafficking enforcement operation.
1678;News reporting;Write a 200-250 word journalistic piece about a legislative proposal addressing digital privacy.
1679;News reporting;In objective reporting style, create a 200-250 word article about a major infrastructure project completion.
1680;News reporting;Write a 200-250 word news report about a global health initiative funding announcement.
1681;News reporting;In journalistic style, create a 200-250 word article about a significant financial market fluctuation.
1682;News reporting;Write a 200-250 word objective news report about an international education ranking publication.
1684;News reporting;Write a 200-250 word journalistic piece about a transportation safety regulation implementation.
1685;News reporting;In objective reporting style, create a 200-250 word article about a major industrial investment in a community.
1686;News reporting;Write a 200-250 word news report about a public official ethics investigation.
1687;News reporting;In journalistic style, create a 200-250 word article about a climate policy announcement from a government.
1688;News reporting;Write a 200-250 word objective news report about a technology accessibility initiative.
1689;News reporting;In 200-250 words, create a news article about a national security threat assessment.
1690;News reporting;Write a 200-250 word journalistic piece about a labor union negotiation outcome.
1691;News reporting;In objective reporting style, create a 200-250 word article about a healthcare facility expansion.
1692;News reporting;Write a 200-250 word news report about a telecommunications merger regulatory review.
1693;News reporting;In journalistic style, create a 200-250 word article about an international cooperation agreement on environmental protection.
1694;News reporting;Write a 200-250 word objective news report about a major museum exhibition opening.
1695;News reporting;In 200-250 words, create a news article about a tax policy reform proposal.
1696;News reporting;Write a 200-250 word journalistic piece about a severe weather preparedness initiative.
1697;News reporting;In objective reporting style, create a 200-250 word article about a public transportation fare structure change.
1698;News reporting;Write a 200-250 word news report about a local crime rate statistics release.
1699;News reporting;In journalistic style, create a 200-250 word article about a workforce development program launch.
1700;News reporting;Write a 200-250 word objective news report about a social media platform policy change affecting users.
1701;News reporting;In 200-250 words, create a news article about a military base economic impact on a region.
1702;News reporting;Write a 200-250 word journalistic piece about a geological survey revealing resource potential.
1703;News reporting;In objective reporting style, create a 200-250 word article about a major literary award announcement.
1704;News reporting;Write a 200-250 word news report about a corporate environmental responsibility pledge.
1705;News reporting;In journalistic style, create a 200-250 word article about a healthcare worker shortage crisis.
1706;News reporting;Write a 200-250 word objective news report about a major public land acquisition for conservation.
1707;News reporting;In 200-250 words, create a news article about a legislative debate on fiscal policy.
1708;News reporting;Write a 200-250 word journalistic piece about a student achievement data report.
1709;News reporting;In objective reporting style, create a 200-250 word article about a tribal sovereignty legal decision.
1710;News reporting;Write a 200-250 word news report about a high-tech manufacturing facility groundbreaking.
1711;News reporting;In journalistic style, create a 200-250 word article about a water rights dispute resolution.
1712;News reporting;Write a 200-250 word objective news report about a public transportation strike affecting commuters.
1713;News reporting;In 200-250 words, create a news article about a space debris cleanup initiative.
1714;News reporting;Write a 200-250 word journalistic piece about a mortgage interest rate trend affecting housing markets.
1715;News reporting;In objective reporting style, create a 200-250 word article about a human trafficking enforcement operation.
1716;News reporting;Write a 200-250 word news report about a natural resource management policy change.
1717;News reporting;In journalistic style, create a 200-250 word article about a international monetary fund economic assessment.
1718;News reporting;Write a 200-250 word objective news report about a major bridge or tunnel project completion.
1719;News reporting;In 200-250 words, create a news article about a food insecurity report for a region.
1720;News reporting;Write a 200-250 word journalistic piece about a school system leadership change.
1721;News reporting;In objective reporting style, create a 200-250 word article about a wildlife population survey results.
1722;News reporting;Write a 200-250 word news report about a judicial branch administrative change.
1723;News reporting;In journalistic style, create a 200-250 word article about a significant anniversary of a technological invention.
1724;News reporting;Write a 200-250 word objective news report about a public health screening program launch.
1725;News reporting;In 200-250 words, create a news article about a religious leadership succession.
1726;News reporting;Write a 200-250 word journalistic piece about a housing market trend report.
1727;News reporting;In objective reporting style, create a 200-250 word article about a major international film festival awards.
1728;News reporting;Write a 200-250 word news report about a border crossing facility modernization.
1729;News reporting;In journalistic style, create a 200-250 word article about a manufacturing output statistical report.
1730;News reporting;Write a 200-250 word objective news report about a police department policy reform.
1732;News reporting;Write a 200-250 word journalistic piece about a national debt milestone being reached.
1733;News reporting;In objective reporting style, create a 200-250 word article about a significant archeological preservation effort.
1734;News reporting;Write a 200-250 word news report about a regional economic development strategy unveiling.
1735;News reporting;In journalistic style, create a 200-250 word article about a vaccine distribution initiative.
1736;News reporting;Write a 200-250 word objective news report about a foreign aid budget allocation.
1737;News reporting;In 200-250 words, create a news article about a major sporting venue construction progress.
1738;News reporting;Write a 200-250 word journalistic piece about an air quality measurement report.
1739;News reporting;In objective reporting style, create a 200-250 word article about a juvenile justice system reform.
1740;News reporting;Write a 200-250 word news report about a cultural heritage site damage assessment.
1741;News reporting;In journalistic style, create a 200-250 word article about a stock market index reaching a record level.
1742;News reporting;Write a 200-250 word objective news report about a public broadcasting funding decision.
1743;News reporting;In 200-250 words, create a news article about a historical document preservation project.
1744;News reporting;Write a 200-250 word journalistic piece about a currency redesign announcement.
1745;News reporting;In objective reporting style, create a 200-250 word article about a nursing home regulation change.
1746;News reporting;Write a 200-250 word news report about a major theater or arts venue renovation.
1747;News reporting;In journalistic style, create a 200-250 word article about a retail sales statistical report.
1748;News reporting;Write a 200-250 word objective news report about a wildfire management strategy announcement.
1749;News reporting;In 200-250 words, create a news article about a major corporate bankruptcy filing.
1750;News reporting;Write a 200-250 word journalistic piece about a scientific research expedition departure.
1751;News reporting;In objective reporting style, create a 200-250 word article about a university academic program expansion.
1752;News reporting;Write a 200-250 word news report about a major public sculpture installation.
1753;News reporting;In journalistic style, create a 200-250 word article about a digital divide bridging initiative.
1754;News reporting;Write a 200-250 word objective news report about a significant trade agreement anniversary.
1755;News reporting;In 200-250 words, create a news article about a recycling program implementation in a community.
1756;News reporting;Write a 200-250 word journalistic piece about a sovereign wealth fund investment decision.
1757;News reporting;In objective reporting style, create a 200-250 word article about a new species identification announcement.
1758;News reporting;Write a 200-250 word news report about a major sports team ownership change.
1759;News reporting;In journalistic style, create a 200-250 word article about a voter registration drive launching.
1760;News reporting;Write a 200-250 word objective news report about a public library system modernization.
1761;News reporting;In 200-250 words, create a news article about a gender pay gap statistical report.
1762;News reporting;Write a 200-250 word journalistic piece about a military commemoration ceremony.
1763;News reporting;In objective reporting style, create a 200-250 word article about a banking regulation change.
1764;News reporting;Write a 200-250 word news report about an urban tree planting initiative.
1765;News reporting;In journalistic style, create a 200-250 word article about a homelessness count census release.
1766;News reporting;Write a 200-250 word objective news report about a medical device approval announcement.
1767;News reporting;In 200-250 words, create a news article about a national monument designation.
1768;News reporting;Write a 200-250 word journalistic piece about a school funding formula change.
1769;News reporting;In objective reporting style, create a 200-250 word article about a public building accessibility upgrade.
1770;News reporting;Write a 200-250 word news report about a major charitable foundation grant announcement.
1771;News reporting;In journalistic style, create a 200-250 word article about a flood control infrastructure project.
1772;News reporting;Write a 200-250 word objective news report about a fossil fuel subsidy policy change.
1773;News reporting;In 200-250 words, create a news article about a major music festival economic impact.
1774;News reporting;Write a 200-250 word journalistic piece about a child poverty rate statistical report.
1775;News reporting;In objective reporting style, create a 200-250 word article about a fishing quota regulation change.
1776;News reporting;Write a 200-250 word news report about a public art controversy resolution.
1777;News reporting;In journalistic style, create a 200-250 word article about a construction industry employment trend.
1778;News reporting;Write a 200-250 word objective news report about a new commodity export record.
1779;News reporting;In 200-250 words, create a news article about a prison reform policy implementation.
1780;News reporting;Write a 200-250 word journalistic piece about a tourism promotion campaign launch.
1781;News reporting;In objective reporting style, create a 200-250 word article about a transportation accessibility improvement.
1782;News reporting;Write a 200-250 word news report about a major museum acquisition announcement.
1783;News reporting;In journalistic style, create a 200-250 word article about a voter turnout statistical analysis.
1784;News reporting;Write a 200-250 word objective news report about a major transit hub renovation completion.
1785;News reporting;In 200-250 words, create a news article about a veterans memorial dedication ceremony.
1786;News reporting;Write a 200-250 word journalistic piece about a minimum wage implementation effect study.
1787;News reporting;In objective reporting style, create a 200-250 word article about a coastal erosion management plan.
1788;News reporting;Write a 200-250 word news report about a student loan policy announcement.
1789;News reporting;In journalistic style, create a 200-250 word article about a business district revitalization project.
1790;News reporting;Write a 200-250 word objective news report about a water quality improvement initiative results.
1792;News reporting;Write a 200-250 word journalistic piece about a library circulation statistics report.
1793;News reporting;In objective reporting style, create a 200-250 word article about a public health screening program outcomes.
1794;News reporting;Write a 200-250 word news report about a major sporting championship economic impact.
1795;News reporting;In journalistic style, create a 200-250 word article about a retirement savings trend report.
1796;News reporting;Write a 200-250 word objective news report about a diplomatic consul office opening.
1797;News reporting;In 200-250 words, create a news article about a wildlife corridor establishment.
1798;News reporting;Write a 200-250 word journalistic piece about a telecommunications network expansion announcement.
1799;News reporting;In objective reporting style, create a 200-250 word article about a regional cooperation agreement signing.
1800;News reporting;Write a 200-250 word news report about a historical site visitor center opening.
1801;Instructional tutorials;Write a 200-250 word step-by-step guide on how to create a simple budget spreadsheet using Excel.
1802;Instructional tutorials;In 200-250 words, provide a tutorial on how to properly repot a houseplant.
1803;Instructional tutorials;Create a 200-250 word instructional guide on how to change a flat tire on a car.
1804;Instructional tutorials;Write a step-by-step tutorial in 200-250 words explaining how to bake a basic loaf of bread from scratch.
1805;Instructional tutorials;In 200-250 words, explain how to set up a basic home wireless network.
1807;Instructional tutorials;Write a 200-250 word step-by-step guide on how to meditate for beginners.
1808;Instructional tutorials;In 200-250 words, create an instructional tutorial on how to properly wash and detail a car at home.
1809;Instructional tutorials;Write a 200-250 word guide explaining how to start a small vegetable garden.
1810;Instructional tutorials;In 200-250 words, provide step-by-step instructions on how to take better photos with a smartphone.
1811;Instructional tutorials;Create a 200-250 word tutorial on how to make homemade pasta from scratch.
1812;Instructional tutorials;Write a 200-250 word step-by-step guide on how to create a basic website using WordPress.
1813;Instructional tutorials;In 200-250 words, explain how to perform basic bike maintenance.
1814;Instructional tutorials;Provide a 200-250 word tutorial on how to create a compelling presentation using PowerPoint.
1815;Instructional tutorials;Write a 200-250 word step-by-step guide on how to fold origami paper cranes.
1816;Instructional tutorials;In 200-250 words, create an instructional tutorial on how to perform CPR.
1817;Instructional tutorials;Write a 200-250 word guide explaining how to properly clean and maintain kitchen knives.
1818;Instructional tutorials;In 200-250 words, provide step-by-step instructions on how to set up a productive home office space.
1819;Instructional tutorials;Create a 200-250 word tutorial on how to make cold brew coffee at home.
1821;Instructional tutorials;In 200-250 words, explain how to organize a cluttered closet effectively.
1822;Instructional tutorials;Provide a 200-250 word tutorial on how to write an effective cover letter for a job application.
1823;Instructional tutorials;Write a 200-250 word step-by-step guide on how to make homemade candles.
1824;Instructional tutorials;In 200-250 words, create an instructional tutorial on how to properly stretch before exercising.
1825;Instructional tutorials;Write a 200-250 word guide explaining how to create a personal budget.
1826;Instructional tutorials;In 200-250 words, provide step-by-step instructions on how to troubleshoot common computer issues.
1827;Instructional tutorials;Create a 200-250 word tutorial on how to make homemade yogurt.
1828;Instructional tutorials;Write a 200-250 word step-by-step guide on how to hang a picture frame properly.
1829;Instructional tutorials;In 200-250 words, explain how to set up a composting system at home.
1830;Instructional tutorials;Provide a 200-250 word tutorial on how to create a social media content calendar.
1831;Instructional tutorials;Write a 200-250 word step-by-step guide on how to properly care for leather shoes.
1832;Instructional tutorials;In 200-250 words, create an instructional tutorial on how to perform basic home plumbing repairs.
1833;Instructional tutorials;Write a 200-250 word guide explaining how to pack efficiently for a week-long trip.
1834;Instructional tutorials;In 200-250 words, provide step-by-step instructions on how to create a raised garden bed.
1835;Instructional tutorials;Create a 200-250 word tutorial on how to make sourdough starter from scratch.
1836;Instructional tutorials;Write a 200-250 word step-by-step guide on how to edit photos using free software.
1837;Instructional tutorials;In 200-250 words, explain how to declutter and organize a home office.
1838;Instructional tutorials;Provide a 200-250 word tutorial on how to create a monthly meal plan.
1839;Instructional tutorials;Write a 200-250 word step-by-step guide on how to paint a room professionally.
1840;Instructional tutorials;In 200-250 words, create an instructional tutorial on how to perform a basic car oil change.
1841;Instructional tutorials;Write a 200-250 word guide explaining how to make kombucha at home.
1842;Instructional tutorials;In 200-250 words, provide step-by-step instructions on how to create a LinkedIn profile that stands out.
1843;Instructional tutorials;Create a 200-250 word tutorial on how to sew a simple tote bag by hand.
1844;Instructional tutorials;Write a 200-250 word step-by-step guide on how to build a simple website using HTML and CSS.
1845;Instructional tutorials;In 200-250 words, explain how to create an effective study schedule.
1846;Instructional tutorials;Provide a 200-250 word tutorial on how to make homemade pizza dough.
1847;Instructional tutorials;Write a 200-250 word step-by-step guide on how to create a capsule wardrobe.
1848;Instructional tutorials;In 200-250 words, create an instructional tutorial on how to properly clean hardwood floors.
1849;Instructional tutorials;Write a 200-250 word guide explaining how to start strength training at home with minimal equipment.
1850;Instructional tutorials;In 200-250 words, provide step-by-step instructions on how to create a basic financial emergency fund.
1851;Instructional tutorials;Create a 200-250 word tutorial on how to make homemade soap.
1852;Instructional tutorials;Write a 200-250 word step-by-step guide on how to use Google Analytics for beginners.
1853;Instructional tutorials;In 200-250 words, explain how to properly store fresh produce to maximize shelf life.
1854;Instructional tutorials;Provide a 200-250 word tutorial on how to write effective email subject lines.
1855;Instructional tutorials;Write a 200-250 word step-by-step guide on how to create a simple macramé wall hanging.
1856;Instructional tutorials;In 200-250 words, create an instructional tutorial on how to properly clean a washing machine.
1857;Instructional tutorials;Write a 200-250 word guide explaining how to create a successful garage sale.
1858;Instructional tutorials;In 200-250 words, provide step-by-step instructions on how to grow herbs indoors.
1859;Instructional tutorials;Create a 200-250 word tutorial on how to make homemade salad dressings.
1860;Instructional tutorials;Write a 200-250 word step-by-step guide on how to optimize a smartphone's battery life.
1861;Instructional tutorials;In 200-250 words, explain how to properly care for indoor houseplants.
1862;Instructional tutorials;Provide a 200-250 word tutorial on how to create an effective to-do list system.
1863;Instructional tutorials;Write a 200-250 word step-by-step guide on how to make homemade ice cream without a machine.
1864;Instructional tutorials;In 200-250 words, create an instructional tutorial on how to properly clean and maintain a refrigerator.
1865;Instructional tutorials;Write a 200-250 word guide explaining how to create a home fire evacuation plan.
1866;Instructional tutorials;In 200-250 words, provide step-by-step instructions on how to create a digital backup system for important files.
1867;Instructional tutorials;Create a 200-250 word tutorial on how to make homemade pickles.
1868;Instructional tutorials;Write a 200-250 word step-by-step guide on how to create effective flashcards for studying.
1869;Instructional tutorials;In 200-250 words, explain how to set up automatic bill payments.
1870;Instructional tutorials;Provide a 200-250 word tutorial on how to create a basic skincare routine.
1871;Instructional tutorials;Write a 200-250 word step-by-step guide on how to sew a button.
1872;Instructional tutorials;In 200-250 words, create an instructional tutorial on how to properly clean and maintain kitchen appliances.
1873;Instructional tutorials;Write a 200-250 word guide explaining how to create a personal exercise plan.
1874;Instructional tutorials;In 200-250 words, provide step-by-step instructions on how to create a home inventory for insurance purposes.
1875;Instructional tutorials;Create a 200-250 word tutorial on how to make homemade granola.
1876;Instructional tutorials;Write a 200-250 word step-by-step guide on how to use pivot tables in Excel.
1877;Instructional tutorials;In 200-250 words, explain how to properly clean and maintain gutters.
1878;Instructional tutorials;Provide a 200-250 word tutorial on how to create an effective elevator pitch.
1879;Instructional tutorials;Write a 200-250 word step-by-step guide on how to refinish wooden furniture.
1880;Instructional tutorials;In 200-250 words, create an instructional tutorial on how to properly insulate windows for energy efficiency.
1881;Instructional tutorials;Write a 200-250 word guide explaining how to make a simple homemade face mask.
1882;Instructional tutorials;In 200-250 words, provide step-by-step instructions on how to create a reading habit.
1883;Instructional tutorials;Create a 200-250 word tutorial on how to make homemade hummus.
1884;Instructional tutorials;Write a 200-250 word step-by-step guide on how to create a basic business plan.
1885;Instructional tutorials;In 200-250 words, explain how to properly clean and organize a garage.
1886;Instructional tutorials;Provide a 200-250 word tutorial on how to create an effective morning routine.
1887;Instructional tutorials;Write a 200-250 word step-by-step guide on how to make homemade jam.
1888;Instructional tutorials;In 200-250 words, create an instructional tutorial on how to properly clean and maintain a dishwasher.
1889;Instructional tutorials;Write a 200-250 word guide explaining how to create a family chore chart.
1890;Instructional tutorials;In 200-250 words, provide step-by-step instructions on how to create a personal development plan.
1891;Instructional tutorials;Create a 200-250 word tutorial on how to make homemade almond milk.
1893;Instructional tutorials;In 200-250 words, explain how to properly store winter clothing during summer months.
1894;Instructional tutorials;Provide a 200-250 word tutorial on how to create an effective study environment.
1895;Instructional tutorials;Write a 200-250 word step-by-step guide on how to grow microgreens indoors.
1896;Instructional tutorials;In 200-250 words, create an instructional tutorial on how to properly clean and maintain hardwood cutting boards.
1897;Instructional tutorials;Write a 200-250 word guide explaining how to create a weekly meal prep routine.
1898;Instructional tutorials;In 200-250 words, provide step-by-step instructions on how to set up a simple home security system.
1899;Instructional tutorials;Create a 200-250 word tutorial on how to make homemade energy bars.
1900;Instructional tutorials;Write a 200-250 word step-by-step guide on how to create a basic photography portfolio.
1901;Instructional tutorials;In 200-250 words, explain how to properly clean and organize a pantry.
1902;Instructional tutorials;Provide a 200-250 word tutorial on how to create effective social media posts for business.
1903;Instructional tutorials;Write a 200-250 word step-by-step guide on how to make homemade body scrub.
1904;Instructional tutorials;In 200-250 words, create an instructional tutorial on how to properly clean and maintain car upholstery.
1905;Instructional tutorials;Write a 200-250 word guide explaining how to create a debt repayment plan.
1906;Instructional tutorials;In 200-250 words, provide step-by-step instructions on how to create a basic home gym.
1907;Instructional tutorials;Create a 200-250 word tutorial on how to make homemade tortillas.
1909;Instructional tutorials;In 200-250 words, explain how to properly clean and maintain a coffee maker.
1910;Instructional tutorials;Provide a 200-250 word tutorial on how to create an effective job search strategy.
1911;Instructional tutorials;Write a 200-250 word step-by-step guide on how to make homemade lip balm.
1912;Instructional tutorials;In 200-250 words, create an instructional tutorial on how to properly clean and maintain a laptop.
1913;Instructional tutorials;Write a 200-250 word guide explaining how to create a home recycling system.
1914;Instructional tutorials;In 200-250 words, provide step-by-step instructions on how to create a personal brand online.
1915;Instructional tutorials;Create a 200-250 word tutorial on how to make homemade guacamole.
1916;Instructional tutorials;Write a 200-250 word step-by-step guide on how to use keyboard shortcuts to increase productivity.
1917;Instructional tutorials;In 200-250 words, explain how to properly clean and organize a bathroom.
1918;Instructional tutorials;Provide a 200-250 word tutorial on how to create an effective networking strategy.
1919;Instructional tutorials;Write a 200-250 word step-by-step guide on how to start container gardening on a balcony.
1920;Instructional tutorials;In 200-250 words, create an instructional tutorial on how to properly clean and maintain vinyl records.
1921;Instructional tutorials;Write a 200-250 word guide explaining how to create a home emergency kit.
1922;Instructional tutorials;In 200-250 words, provide step-by-step instructions on how to create a successful garage sale.
1923;Instructional tutorials;Create a 200-250 word tutorial on how to make homemade pesto.
1924;Instructional tutorials;Write a 200-250 word step-by-step guide on how to use VLOOKUP in Excel.
1925;Instructional tutorials;In 200-250 words, explain how to properly clean and maintain a cast iron pan.
1926;Instructional tutorials;Provide a 200-250 word tutorial on how to create an effective LinkedIn summary.
1927;Instructional tutorials;Write a 200-250 word step-by-step guide on how to propagate houseplants from cuttings.
1928;Instructional tutorials;In 200-250 words, create an instructional tutorial on how to properly clean and maintain hiking boots.
1929;Instructional tutorials;Write a 200-250 word guide explaining how to create a family budget.
1930;Instructional tutorials;In 200-250 words, provide step-by-step instructions on how to create a digital detox plan.
1931;Instructional tutorials;Create a 200-250 word tutorial on how to make homemade sauerkraut.
1932;Instructional tutorials;Write a 200-250 word step-by-step guide on how to create an effective email organization system.
1933;Instructional tutorials;In 200-250 words, explain how to properly clean and organize a medicine cabinet.
1934;Instructional tutorials;Provide a 200-250 word tutorial on how to create an effective resume for career changers.
1936;Instructional tutorials;In 200-250 words, create an instructional tutorial on how to properly clean and maintain a ceiling fan.
1937;Instructional tutorials;Write a 200-250 word guide explaining how to create a minimalist home environment.
1938;Instructional tutorials;In 200-250 words, provide step-by-step instructions on how to create a functional home office in a small space.
1939;Instructional tutorials;Create a 200-250 word tutorial on how to make homemade vanilla extract.
1940;Instructional tutorials;Write a 200-250 word step-by-step guide on how to create an effective filing system.
1941;Instructional tutorials;In 200-250 words, explain how to properly clean and maintain a microwave.
1942;Instructional tutorials;Provide a 200-250 word tutorial on how to create an effective elevator pitch for networking events.
1943;Instructional tutorials;Write a 200-250 word step-by-step guide on how to make no-sew curtains.
1944;Instructional tutorials;In 200-250 words, create an instructional tutorial on how to properly clean and maintain wooden furniture.
1945;Instructional tutorials;Write a 200-250 word guide explaining how to create a self-care routine.
1946;Instructional tutorials;In 200-250 words, provide step-by-step instructions on how to create a basic investment portfolio.
1948;Instructional tutorials;Write a 200-250 word step-by-step guide on how to create a password management system.
1949;Instructional tutorials;In 200-250 words, explain how to properly clean and organize a home workspace.
1950;Instructional tutorials;Provide a 200-250 word tutorial on how to create an effective public speaking outline.
1951;Instructional tutorials;Write a 200-250 word step-by-step guide on how to make homemade trail mix.
1952;Instructional tutorials;In 200-250 words, create an instructional tutorial on how to properly clean and maintain a shower head.
1953;Instructional tutorials;Write a 200-250 word guide explaining how to create a monthly household maintenance schedule.
1954;Instructional tutorials;In 200-250 words, provide step-by-step instructions on how to create a digital calendar system.
1955;Instructional tutorials;Create a 200-250 word tutorial on how to make homemade protein bars.
1956;Instructional tutorials;Write a 200-250 word step-by-step guide on how to perform a digital cleanup of devices.
1957;Instructional tutorials;In 200-250 words, explain how to properly clean and maintain garden tools.
1958;Instructional tutorials;Provide a 200-250 word tutorial on how to create an effective grocery shopping strategy.
1959;Instructional tutorials;Write a 200-250 word step-by-step guide on how to make homemade all-purpose cleaner.
1960;Instructional tutorials;In 200-250 words, create an instructional tutorial on how to properly clean and maintain a blender.
1961;Instructional tutorials;Write a 200-250 word guide explaining how to create a weekly household cleaning schedule.
1962;Instructional tutorials;In 200-250 words, provide step-by-step instructions on how to create a seasonal wardrobe transition plan.
1964;Instructional tutorials;Write a 200-250 word step-by-step guide on how to create a backup system for digital photos.
1965;Instructional tutorials;In 200-250 words, explain how to properly clean and maintain air conditioning filters.
1966;Instructional tutorials;Provide a 200-250 word tutorial on how to create an effective resume summary statement.
1967;Instructional tutorials;Write a 200-250 word step-by-step guide on how to make homemade salsa.
1968;Instructional tutorials;In 200-250 words, create an instructional tutorial on how to properly clean and maintain a gas grill.
1969;Instructional tutorials;Write a 200-250 word guide explaining how to create a household budget spreadsheet.
1970;Instructional tutorials;In 200-250 words, provide step-by-step instructions on how to create a basic home workout routine.
1971;Instructional tutorials;Create a 200-250 word tutorial on how to make homemade nut milk.
1972;Instructional tutorials;Write a 200-250 word step-by-step guide on how to organize digital files efficiently.
1973;Instructional tutorials;In 200-250 words, explain how to properly clean and maintain leather furniture.
1974;Instructional tutorials;Provide a 200-250 word tutorial on how to create an effective study guide for exams.
1975;Instructional tutorials;Write a 200-250 word step-by-step guide on how to make homemade coconut yogurt.
1976;Instructional tutorials;In 200-250 words, create an instructional tutorial on how to properly clean and maintain window tracks.
1977;Instructional tutorials;Write a 200-250 word guide explaining how to create a weekly meal planning routine.
1978;Instructional tutorials;In 200-250 words, provide step-by-step instructions on how to create a basic home first aid kit.
1979;Instructional tutorials;Create a 200-250 word tutorial on how to make homemade kimchi.
1980;Instructional tutorials;Write a 200-250 word step-by-step guide on how to optimize smartphone storage space.
1981;Instructional tutorials;In 200-250 words, explain how to properly clean and organize a linen closet.
1982;Instructional tutorials;Provide a 200-250 word tutorial on how to create an effective fundraising letter.
1984;Instructional tutorials;In 200-250 words, create an instructional tutorial on how to properly clean and maintain a computer keyboard.
1985;Instructional tutorials;Write a 200-250 word guide explaining how to create an indoor herb garden.
1986;Instructional tutorials;In 200-250 words, provide step-by-step instructions on how to create a zero-waste kitchen.
1987;Instructional tutorials;Create a 200-250 word tutorial on how to make homemade croutons.
1988;Instructional tutorials;Write a 200-250 word step-by-step guide on how to create a digital address book.
1989;Instructional tutorials;In 200-250 words, explain how to properly clean and maintain suede shoes.
1990;Instructional tutorials;Provide a 200-250 word tutorial on how to create an effective cold email for networking.
1991;Instructional tutorials;Write a 200-250 word step-by-step guide on how to make homemade laundry detergent.
1992;Instructional tutorials;In 200-250 words, create an instructional tutorial on how to properly clean and maintain blinds.
1993;Instructional tutorials;Write a 200-250 word guide explaining how to create a car maintenance schedule.
1994;Instructional tutorials;In 200-250 words, provide step-by-step instructions on how to create a home meditation space.
1995;Instructional tutorials;Create a 200-250 word tutorial on how to make homemade fruit leather.
1996;Instructional tutorials;Write a 200-250 word step-by-step guide on how to create a basic photo editing workflow.
1998;Instructional tutorials;Provide a 200-250 word tutorial on how to create an effective apartment search strategy.
1999;Instructional tutorials;Write a 200-250 word step-by-step guide on how to make homemade ketchup.
2000;Instructional tutorials;In 200-250 words, create an instructional tutorial on how to properly clean and maintain window blinds.
2001;Instructional tutorials;Write a 200-250 word guide explaining how to create a reading nook in your home.
2002;Instructional tutorials;In 200-250 words, provide step-by-step instructions on how to create a successful yard sale.
2003;Instructional tutorials;Create a 200-250 word tutorial on how to make homemade flavored oils.
2004;Instructional tutorials;Write a 200-250 word step-by-step guide on how to create a weekly cleaning schedule.
2005;Instructional tutorials;In 200-250 words, explain how to properly clean and maintain a dryer vent.
2006;Instructional tutorials;Provide a 200-250 word tutorial on how to create an effective personal statement for college applications.
2007;Instructional tutorials;Write a 200-250 word step-by-step guide on how to make homemade potpourri.
2008;Instructional tutorials;In 200-250 words, create an instructional tutorial on how to properly clean and maintain a toaster oven.
2009;Instructional tutorials;Write a 200-250 word guide explaining how to create a digital subscription audit and management system.
2010;Instructional tutorials;In 200-250 words, provide step-by-step instructions on how to create a productive night routine.
2011;Instructional tutorials;Create a 200-250 word tutorial on how to make homemade mustard.
2012;Instructional tutorials;Write a 200-250 word step-by-step guide on how to create a personal reference management system.
2013;Instructional tutorials;In 200-250 words, explain how to properly clean and organize kids' toys.
2014;Instructional tutorials;Provide a 200-250 word tutorial on how to create an effective household chore rotation system.
2015;Instructional tutorials;Write a 200-250 word step-by-step guide on how to make homemade herb-infused vinegar.
2016;Instructional tutorials;In 200-250 words, create an instructional tutorial on how to properly clean and maintain a shower curtain.
2017;Instructional tutorials;Write a 200-250 word guide explaining how to create a no-waste lunch packing system.
2018;Instructional tutorials;In 200-250 words, provide step-by-step instructions on how to create a basic garden tool maintenance routine.
2019;Instructional tutorials;Create a 200-250 word tutorial on how to make homemade trail mix.
2020;Instructional tutorials;Write a 200-250 word step-by-step guide on how to create a basic photo organization system.
2021;Instructional tutorials;In 200-250 words, explain how to properly clean and maintain houseplant leaves.
2022;Instructional tutorials;Provide a 200-250 word tutorial on how to create an effective social media profile bio.
2023;Instructional tutorials;Write a 200-250 word step-by-step guide on how to make homemade greeting cards.
2024;Instructional tutorials;In 200-250 words, create an instructional tutorial on how to properly clean and maintain a vacuum cleaner.
2025;Instructional tutorials;Write a 200-250 word guide explaining how to create a basic home tool kit.
2026;Instructional tutorials;In 200-250 words, provide step-by-step instructions on how to create a daily planning routine.
2027;Instructional tutorials;Create a 200-250 word tutorial on how to make homemade spice blends.
2028;Instructional tutorials;Write a 200-250 word step-by-step guide on how to create a digital recipe organization system.
2029;Instructional tutorials;In 200-250 words, explain how to properly clean and maintain stainless steel appliances.
2030;Instructional tutorials;Provide a 200-250 word tutorial on how to create an effective home filing system.
2031;Instructional tutorials;Write a 200-250 word step-by-step guide on how to make homemade fermented vegetables.
2032;Instructional tutorials;In 200-250 words, create an instructional tutorial on how to properly clean and maintain a computer mouse.
2033;Instructional tutorials;Write a 200-250 word guide explaining how to create a smart grocery shopping strategy.
2034;Instructional tutorials;In 200-250 words, provide step-by-step instructions on how to create a sustainable bathroom.
2035;Instructional tutorials;Create a 200-250 word tutorial on how to make homemade seasoned salt.
2036;Instructional tutorials;Write a 200-250 word step-by-step guide on how to create a digital music organization system.
2037;Instructional tutorials;In 200-250 words, explain how to properly clean and maintain glass shower doors.
2038;Instructional tutorials;Provide a 200-250 word tutorial on how to create an effective packing system for moving.
2039;Instructional tutorials;Write a 200-250 word step-by-step guide on how to make homemade face scrub.
2040;Instructional tutorials;In 200-250 words, create an instructional tutorial on how to properly clean and maintain a TV screen.
2041;Instructional tutorials;Write a 200-250 word guide explaining how to create a basic sewing kit.
2042;Instructional tutorials;In 200-250 words, provide step-by-step instructions on how to create a home movie night setup.
2043;Instructional tutorials;Create a 200-250 word tutorial on how to make homemade cracker mix.
2045;Instructional tutorials;In 200-250 words, explain how to properly clean and maintain reusable water bottles.
2046;Instructional tutorials;Provide a 200-250 word tutorial on how to create an effective online dating profile.
2047;Instructional tutorials;Write a 200-250 word step-by-step guide on how to make homemade bath bombs.
2048;Instructional tutorials;In 200-250 words, create an instructional tutorial on how to properly clean and maintain wood cutting boards.
2049;Instructional tutorials;Write a 200-250 word guide explaining how to create a guest-ready bathroom.
2050;Instructional tutorials;In 200-250 words, provide step-by-step instructions on how to create a basic emergency car kit.
2051;Instructional tutorials;Create a 200-250 word tutorial on how to make homemade infused water.
2052;Instructional tutorials;Write a 200-250 word step-by-step guide on how to create a smartphone photo backup system.
2053;Instructional tutorials;In 200-250 words, explain how to properly clean and maintain a toaster.
2054;Instructional tutorials;Provide a 200-250 word tutorial on how to create an effective habit tracking system.
2055;Instructional tutorials;Write a 200-250 word step-by-step guide on how to make homemade body lotion.
2056;Instructional tutorials;In 200-250 words, create an instructional tutorial on how to properly clean and maintain a washing machine filter.
2057;Instructional tutorials;Write a 200-250 word guide explaining how to create a meal rotation system.
2058;Instructional tutorials;In 200-250 words, provide step-by-step instructions on how to create a home beverage station.
2059;Instructional tutorials;Create a 200-250 word tutorial on how to make homemade roasted nuts.
2060;Instructional tutorials;Write a 200-250 word step-by-step guide on how to create a personal recipe collection.
2061;Instructional tutorials;In 200-250 words, explain how to properly clean and maintain makeup brushes.
2062;Instructional tutorials;Provide a 200-250 word tutorial on how to create an effective weekend routine.
2063;Instructional tutorials;Write a 200-250 word step-by-step guide on how to make homemade natural air freshener.
2064;Instructional tutorials;In 200-250 words, create an instructional tutorial on how to properly clean and maintain a remote control.
2065;Instructional tutorials;Write a 200-250 word guide explaining how to create a home seasonal decoration storage system.
2066;Instructional tutorials;In 200-250 words, provide step-by-step instructions on how to create a basic journaling habit.
2067;Instructional tutorials;Create a 200-250 word tutorial on how to make homemade savory snack mix.
2068;Instructional tutorials;Write a 200-250 word step-by-step guide on how to create a computer backup system.
2069;Instructional tutorials;In 200-250 words, explain how to properly clean and maintain a microwave.
2070;Instructional tutorials;Provide a 200-250 word tutorial on how to create an effective paper document management system.
2071;Instructional tutorials;Write a 200-250 word step-by-step guide on how to make homemade drawer sachets.
2072;Instructional tutorials;In 200-250 words, create an instructional tutorial on how to properly clean and maintain a refrigerator coil.
2073;Instructional tutorials;Write a 200-250 word guide explaining how to create an efficient laundry routine.
2074;Instructional tutorials;In 200-250 words, provide step-by-step instructions on how to create a basic wardrobe maintenance system.
2075;Instructional tutorials;Create a 200-250 word tutorial on how to make homemade cough syrup.
2076;Instructional tutorials;Write a 200-250 word step-by-step guide on how to create a basic photo editing workflow.
2077;Instructional tutorials;In 200-250 words, explain how to properly clean and maintain eyeglasses.
2078;Instructional tutorials;Provide a 200-250 word tutorial on how to create an effective daily water intake tracking system.
2079;Instructional tutorials;Write a 200-250 word step-by-step guide on how to make homemade foot scrub.
2080;Instructional tutorials;In 200-250 words, create an instructional tutorial on how to properly clean and maintain a hair dryer.
2081;Instructional tutorials;Write a 200-250 word guide explaining how to create a home entertainment organization system.
2082;Instructional tutorials;In 200-250 words, provide step-by-step instructions on how to create a workspace ergonomic setup.
2083;Instructional tutorials;Create a 200-250 word tutorial on how to make homemade dried herbs.
2084;Instructional tutorials;Write a 200-250 word step-by-step guide on how to create a digital tax document filing system.
2085;Instructional tutorials;In 200-250 words, explain how to properly clean and maintain a shower drain.
2086;Instructional tutorials;Provide a 200-250 word tutorial on how to create an effective grocery budget.
2087;Instructional tutorials;Write a 200-250 word step-by-step guide on how to make homemade room spray.
2088;Instructional tutorials;In 200-250 words, create an instructional tutorial on how to properly clean and maintain a smartphone case.
2089;Instructional tutorials;Write a 200-250 word guide explaining how to create a productive morning commute routine.
2090;Instructional tutorials;In 200-250 words, provide step-by-step instructions on how to create a home coffee station.
2091;Instructional tutorials;Create a 200-250 word tutorial on how to make homemade flavored salt.
2092;Instructional tutorials;Write a 200-250 word step-by-step guide on how to create a daily gratitude practice.
2093;Instructional tutorials;In 200-250 words, explain how to properly clean and maintain kitchen countertops.
2094;Instructional tutorials;Provide a 200-250 word tutorial on how to create an effective contact management system.
2095;Instructional tutorials;Write a 200-250 word step-by-step guide on how to make homemade fridge deodorizer.
2096;Instructional tutorials;In 200-250 words, create an instructional tutorial on how to properly clean and maintain a computer screen.
2097;Instructional tutorials;Write a 200-250 word guide explaining how to create a basic electronics organization system.
2098;Instructional tutorials;In 200-250 words, provide step-by-step instructions on how to create a relaxing bedtime routine.
2099;Instructional tutorials;Create a 200-250 word tutorial on how to make homemade refrigerator pickles.
2100;Instructional tutorials;Write a 200-250 word step-by-step guide on how to create a home maintenance calendar.
2101;Philosophical discourse;Analyze the trolley problem and its implications for utilitarian ethics in 200-250 words.
2102;Philosophical discourse;Explain the concept of categorical imperative in Kantian ethics in 200-250 words.
2104;Philosophical discourse;Evaluate virtue ethics as proposed by Aristotle in 200-250 words.
2105;Philosophical discourse;Analyze the concept of justice according to John Rawls in 200-250 words.
2106;Philosophical discourse;"Explain the concept of the ""veil of ignorance"" and its role in establishing fairness in 200-250 words."
2107;Philosophical discourse;Discuss the ethics of artificial intelligence development in 200-250 words.
2108;Philosophical discourse;Evaluate the philosophical implications of consciousness in machines in 200-250 words.
2109;Philosophical discourse;Analyze the mind-body problem in philosophy of mind in 200-250 words.
2110;Philosophical discourse;Explain the concept of moral relativism versus moral absolutism in 200-250 words.
2111;Philosophical discourse;Discuss the philosophical concept of personal identity through time in 200-250 words.
2112;Philosophical discourse;"Evaluate Nietzsche's concept of ""will to power"" in 200-250 words."
2113;Philosophical discourse;Analyze the philosophical implications of the Gettier problem in epistemology in 200-250 words.
2114;Philosophical discourse;Explain Plato's theory of Forms (or Ideas) in 200-250 words.
2115;Philosophical discourse;Discuss the concept of the social contract as proposed by Rousseau in 200-250 words.
2116;Philosophical discourse;Evaluate the ethics of gene editing technologies in 200-250 words.
2117;Philosophical discourse;Analyze the concept of existential freedom according to Sartre in 200-250 words.
2118;Philosophical discourse;Explain the principle of charity in philosophical discourse in 200-250 words.
2119;Philosophical discourse;"Discuss the concept of the ""invisible hand"" in Adam Smith's moral philosophy in 200-250 words."
2120;Philosophical discourse;Evaluate the philosophical concept of truth as correspondence versus coherence in 200-250 words.
2121;Philosophical discourse;Analyze the problem of evil in philosophy of religion in 200-250 words.
2122;Philosophical discourse;Explain the concept of the categorical versus hypothetical imperative in 200-250 words.
2123;Philosophical discourse;Discuss the philosophical implications of quantum physics for our understanding of reality in 200-250 words.
2124;Philosophical discourse;Evaluate the ethics of animal rights from a philosophical perspective in 200-250 words.
2125;Philosophical discourse;"Analyze the concept of the ""ship of Theseus"" paradox in 200-250 words."
2126;Philosophical discourse;Explain Hume's problem of induction in 200-250 words.
2127;Philosophical discourse;Discuss the concept of moral luck as proposed by Thomas Nagel in 200-250 words.
2128;Philosophical discourse;Evaluate the concept of moral standing and who or what deserves it in 200-250 words.
2129;Philosophical discourse;Analyze the philosophical implications of the Turing test in 200-250 words.
2130;Philosophical discourse;Explain the concept of moral sentimentalism as proposed by Hume in 200-250 words.
2131;Philosophical discourse;Discuss the ethics of humanitarian intervention in 200-250 words.
2132;Philosophical discourse;Evaluate the concept of epistemic injustice as proposed by Miranda Fricker in 200-250 words.
2133;Philosophical discourse;Analyze the philosophical concept of personhood and its ethical implications in 200-250 words.
2134;Philosophical discourse;Explain Bentham's utilitarianism versus Mill's version in 200-250 words.
2135;Philosophical discourse;Discuss the concept of the naturalistic fallacy in ethical reasoning in 200-250 words.
2136;Philosophical discourse;Evaluate Spinoza's concept of God as nature (Deus sive Natura) in 200-250 words.
2137;Philosophical discourse;"Analyze the philosophical implications of the ""Experience Machine"" thought experiment in 200-250 words."
2138;Philosophical discourse;Explain the concept of moral particularism versus moral generalism in 200-250 words.
2139;Philosophical discourse;Discuss the ethics of privacy in the digital age from a philosophical perspective in 200-250 words.
2140;Philosophical discourse;Evaluate the concept of authenticity in existentialist philosophy in 200-250 words.
2141;Philosophical discourse;Analyze the philosophical implications of Gödel's incompleteness theorems in 200-250 words.
2142;Philosophical discourse;Explain the concept of the Übermensch in Nietzsche's philosophy in 200-250 words.
2143;Philosophical discourse;Discuss the concept of distributive justice in political philosophy in 200-250 words.
2145;Philosophical discourse;"Analyze the concept of the ""state of nature"" in political philosophy in 200-250 words."
2146;Philosophical discourse;"Explain Descartes' methodological skepticism and ""cogito ergo sum"" in 200-250 words."
2147;Philosophical discourse;Discuss the concept of phenomenology as proposed by Husserl in 200-250 words.
2148;Philosophical discourse;Evaluate the philosophical implications of the Anthropocene epoch in 200-250 words.
2149;Philosophical discourse;"Analyze the concept of the ""prisoner's dilemma"" in ethical reasoning in 200-250 words."
2150;Philosophical discourse;Explain the concept of natural rights in political philosophy in 200-250 words.
2151;Philosophical discourse;Discuss the ethics of euthanasia from a philosophical perspective in 200-250 words.
2152;Philosophical discourse;"Evaluate the concept of the ""greatest happiness principle"" in utilitarian ethics in 200-250 words."
2153;Philosophical discourse;"Analyze the philosophical implications of consciousness and the ""hard problem"" in 200-250 words."
2154;Philosophical discourse;Explain the concept of moral realism versus moral anti-realism in 200-250 words.
2155;Philosophical discourse;Discuss the concept of intersubjectivity in phenomenological philosophy in 200-250 words.
2156;Philosophical discourse;Evaluate the ethics of abortion from multiple philosophical perspectives in 200-250 words.
2157;Philosophical discourse;"Analyze the concept of the ""noble lie"" in Plato's Republic in 200-250 words."
2158;Philosophical discourse;Explain the concept of ethical egoism and its philosophical justifications in 200-250 words.
2159;Philosophical discourse;Discuss the ethics of cultural appropriation from a philosophical perspective in 200-250 words.
2160;Philosophical discourse;Evaluate the concept of moral agency and responsibility in 200-250 words.
2161;Philosophical discourse;Analyze the philosophical implications of technological determinism in 200-250 words.
2162;Philosophical discourse;"Explain the concept of ""being-in-the-world"" (Dasein) in Heidegger's philosophy in 200-250 words."
2163;Philosophical discourse;"Discuss the concept of the ""tragedy of the commons"" in environmental ethics in 200-250 words."
2164;Philosophical discourse;Evaluate the ethics of civil disobedience from a philosophical perspective in 200-250 words.
2165;Philosophical discourse;"Analyze the concept of the ""original position"" in Rawls' theory of justice in 200-250 words."
2166;Philosophical discourse;Explain the concept of ethical non-naturalism as proposed by G.E. Moore in 200-250 words.
2167;Philosophical discourse;Discuss the philosophical implications of the Simulation Hypothesis in 200-250 words.
2168;Philosophical discourse;Evaluate the concept of moral development as proposed by Kohlberg in 200-250 words.
2169;Philosophical discourse;Analyze the concept of moral virtue according to Confucian philosophy in 200-250 words.
2170;Philosophical discourse;Explain the concept of ethical intuitionism and its epistemological foundations in 200-250 words.
2172;Philosophical discourse;Evaluate the concept of moral worth in Kantian ethics in 200-250 words.
2173;Philosophical discourse;Analyze the philosophical implications of the extended mind thesis in 200-250 words.
2174;Philosophical discourse;Explain the concept of existential angst in Kierkegaard's philosophy in 200-250 words.
2175;Philosophical discourse;Discuss the concept of contractarianism as proposed by Hobbes in 200-250 words.
2176;Philosophical discourse;Evaluate the ethics of eating animals from a philosophical perspective in 200-250 words.
2177;Philosophical discourse;"Analyze the concept of the ""is-ought gap"" in moral philosophy in 200-250 words."
2178;Philosophical discourse;Explain the concept of compatibilism regarding free will and determinism in 200-250 words.
2179;Philosophical discourse;Discuss the philosophical implications of the Chinese Room thought experiment in 200-250 words.
2180;Philosophical discourse;Evaluate the concept of duties to future generations in environmental ethics in 200-250 words.
2181;Philosophical discourse;Analyze the concept of moral intuition and its role in ethical reasoning in 200-250 words.
2182;Philosophical discourse;Explain the concept of philosophical pragmatism as developed by James and Dewey in 200-250 words.
2183;Philosophical discourse;Discuss the ethics of human enhancement technologies from a philosophical perspective in 200-250 words.
2184;Philosophical discourse;Evaluate the concept of justified true belief as knowledge in epistemology in 200-250 words.
2185;Philosophical discourse;Analyze the philosophical implications of Berkeley's idealism in 200-250 words.
2186;Philosophical discourse;Explain the concept of the hermeneutic circle in philosophical interpretation in 200-250 words.
2187;Philosophical discourse;Discuss the concept of care ethics as proposed by Noddings and Gilligan in 200-250 words.
2188;Philosophical discourse;Evaluate the ethics of whistleblowing from multiple philosophical perspectives in 200-250 words.
2189;Philosophical discourse;Analyze the concept of moral progress in human history in 200-250 words.
2190;Philosophical discourse;Explain the concept of consequentialism versus deontology in ethical frameworks in 200-250 words.
2191;Philosophical discourse;"Discuss the philosophical implications of the ""knowledge argument"" (Mary's Room) in 200-250 words."
2193;Philosophical discourse;"Analyze the concept of the ""categorical imperative"" versus the ""golden rule"" in 200-250 words."
2194;Philosophical discourse;Explain the concept of moral considerability and its boundaries in 200-250 words.
2195;Philosophical discourse;Discuss the ethics of patriotism from a philosophical perspective in 200-250 words.
2196;Philosophical discourse;Evaluate the concept of moral expertise and whether it exists in 200-250 words.
2197;Philosophical discourse;Analyze the philosophical implications of emergent properties in complex systems in 200-250 words.
2198;Philosophical discourse;"Explain the concept of the ""absurd"" in Camus' philosophy in 200-250 words."
2199;Philosophical discourse;Discuss the concept of collective responsibility for historical injustices in 200-250 words.
2200;Philosophical discourse;Evaluate the ethics of forgiveness from a philosophical perspective in 200-250 words.
2201;Philosophical discourse;Analyze the concept of epistemic closure in contemporary epistemology in 200-250 words.
2202;Philosophical discourse;Explain the concept of Socratic ignorance and its significance in philosophical inquiry in 200-250 words.
2203;Philosophical discourse;Discuss the philosophical implications of embodied cognition in 200-250 words.
2204;Philosophical discourse;Evaluate the concept of moral supervenience in meta-ethics in 200-250 words.
2205;Philosophical discourse;Analyze the concept of Hegelian dialectic and its application to ethical reasoning in 200-250 words.
2206;Philosophical discourse;Explain the concept of moral particularism as proposed by Jonathan Dancy in 200-250 words.
2207;Philosophical discourse;Discuss the ethics of climate change from an intergenerational justice perspective in 200-250 words.
2208;Philosophical discourse;Evaluate the concept of theoretical virtues in philosophy of science in 200-250 words.
2209;Philosophical discourse;Analyze the philosophical implications of moral disagreement across cultures in 200-250 words.
2210;Philosophical discourse;Explain the concept of philosophical skepticism from ancient to modern forms in 200-250 words.
2211;Philosophical discourse;Discuss the concept of moral nihilism and its challenge to ethical reasoning in 200-250 words.
2212;Philosophical discourse;Evaluate the ethics of war from a just war theory perspective in 200-250 words.
2213;Philosophical discourse;Analyze the concept of personal autonomy and its role in bioethics in 200-250 words.
2214;Philosophical discourse;Explain the concept of moral psychology and its relationship to ethical theory in 200-250 words.
2216;Philosophical discourse;Evaluate the concept of epistemic responsibility in belief formation in 200-250 words.
2217;Philosophical discourse;Analyze the concept of moral dilemmas and whether they can be resolved in 200-250 words.
2218;Philosophical discourse;Explain the concept of hermeneutics of suspicion in philosophical methodology in 200-250 words.
2219;Philosophical discourse;Discuss the ethics of immigration from a philosophical perspective in 200-250 words.
2220;Philosophical discourse;Evaluate the concept of the distinction between appearance and reality in metaphysics in 200-250 words.
2221;Philosophical discourse;"Analyze the philosophical implications of the ""twin earth"" thought experiment in 200-250 words."
2222;Philosophical discourse;Explain the concept of natural law theory in ethical reasoning in 200-250 words.
2223;Philosophical discourse;Discuss the concept of moral hazard in ethical decision-making in 200-250 words.
2224;Philosophical discourse;Evaluate the ethics of informed consent from a philosophical perspective in 200-250 words.
2225;Philosophical discourse;Analyze the concept of methodological individualism versus holism in social philosophy in 200-250 words.
2226;Philosophical discourse;Explain the concept of moral emotions and their role in ethical reasoning in 200-250 words.
2227;Philosophical discourse;Discuss the philosophical implications of panpsychism in philosophy of mind in 200-250 words.
2228;Philosophical discourse;Evaluate the concept of moral standing for artificial intelligences in 200-250 words.
2229;Philosophical discourse;"Analyze the concept of the ""marketplace of ideas"" in political philosophy in 200-250 words."
2230;Philosophical discourse;Explain the concept of moral particularism versus generalism in ethical theory in 200-250 words.
2231;Philosophical discourse;Discuss the ethics of risk imposition from a philosophical perspective in 200-250 words.
2232;Philosophical discourse;Evaluate the concept of philosophical naturalism and its implications for ethics in 200-250 words.
2233;Philosophical discourse;Analyze the philosophical implications of the sorites paradox (the problem of vagueness) in 200-250 words.
2234;Philosophical discourse;Explain the concept of philosophical zombies and the implications for consciousness studies in 200-250 words.
2235;Philosophical discourse;Discuss the concept of sufficientarianism in distributive justice in 200-250 words.
2236;Philosophical discourse;Evaluate the ethics of space exploration and colonization from a philosophical perspective in 200-250 words.
2237;Philosophical discourse;Analyze the concept of epistemic virtues in contemporary philosophy in 200-250 words.
2238;Philosophical discourse;Explain the concept of moral particularism as an alternative to principle-based ethics in 200-250 words.
2239;Philosophical discourse;"Discuss the philosophical implications of the ""problem of the criterion"" in epistemology in 200-250 words."
2240;Philosophical discourse;Evaluate the concept of moral enhancement through biotechnology in 200-250 words.
2241;Philosophical discourse;Analyze the concept of the Socratic method in philosophical discourse in 200-250 words.
2242;Philosophical discourse;Explain the concept of philosophical anarchism and its critique of political authority in 200-250 words.
2243;Philosophical discourse;Discuss the ethics of parenthood and procreation from a philosophical perspective in 200-250 words.
2244;Philosophical discourse;Evaluate the concept of phenomenological reduction in Husserl's philosophy in 200-250 words.
2245;Philosophical discourse;Analyze the philosophical implications of Wittgenstein's private language argument in 200-250 words.
2246;Philosophical discourse;Explain the concept of moral constructivism as proposed by Korsgaard in 200-250 words.
2248;Philosophical discourse;Evaluate the ethics of geoengineering from a philosophical perspective in 200-250 words.
2249;Philosophical discourse;Analyze the concept of Cartesian dualism and its contemporary critiques in 200-250 words.
2250;Philosophical discourse;Explain the concept of epistemic contextualism in contemporary epistemology in 200-250 words.
2251;Philosophical discourse;Discuss the philosophical implications of the placebo effect for mind-body relationships in 200-250 words.
2252;Philosophical discourse;"Evaluate the concept of the ""harm principle"" in Mill's political philosophy in 200-250 words."
2253;Philosophical discourse;Analyze the concept of testimonial injustice in contemporary epistemology in 200-250 words.
2254;Philosophical discourse;Explain the concept of moral imagination and its role in ethical reasoning in 200-250 words.
2255;Philosophical discourse;Discuss the ethics of taxation from a philosophical perspective in 200-250 words.
2256;Philosophical discourse;Evaluate the concept of moral naturalism in meta-ethics in 200-250 words.
2257;Philosophical discourse;"Analyze the philosophical implications of the ""Mary's Room"" thought experiment in 200-250 words."
2258;Philosophical discourse;Explain the concept of Ubuntu ethics from African philosophy in 200-250 words.
2259;Philosophical discourse;Discuss the concept of narrative identity in personal identity theory in 200-250 words.
2260;Philosophical discourse;Evaluate the ethics of human cloning from a philosophical perspective in 200-250 words.
2261;Philosophical discourse;Analyze the concept of ideological critique in critical theory in 200-250 words.
2262;Philosophical discourse;Explain the concept of moral exemplars in virtue ethics in 200-250 words.
2263;Philosophical discourse;Discuss the philosophical implications of quantum indeterminacy for free will in 200-250 words.
2264;Philosophical discourse;Evaluate the concept of ethical pluralism versus ethical monism in 200-250 words.
2265;Philosophical discourse;Analyze the concept of reflective equilibrium in moral reasoning in 200-250 words.
2266;Philosophical discourse;Explain the concept of philosophical pessimism as represented by Schopenhauer in 200-250 words.
2267;Philosophical discourse;Discuss the ethics of nuclear deterrence from a philosophical perspective in 200-250 words.
2268;Philosophical discourse;Evaluate the concept of the extended self in contemporary philosophy of mind in 200-250 words.
2269;Philosophical discourse;Analyze the philosophical implications of Newcomb's paradox for decision theory in 200-250 words.
2270;Philosophical discourse;Explain the concept of moral worth versus moral rightness in ethical theory in 200-250 words.
2271;Philosophical discourse;Discuss the concept of philosophical aesthetics and the nature of beauty in 200-250 words.
2272;Philosophical discourse;Evaluate the ethics of cognitive enhancement from a philosophical perspective in 200-250 words.
2273;Philosophical discourse;Analyze the concept of philosophical hermeneutics as developed by Gadamer in 200-250 words.
2274;Philosophical discourse;Explain the concept of moral luck and its challenge to moral responsibility in 200-250 words.
2275;Philosophical discourse;Discuss the philosophical implications of the Fermi paradox in 200-250 words.
2276;Philosophical discourse;Evaluate the concept of moral desert and its role in theories of justice in 200-250 words.
2277;Philosophical discourse;Analyze the concept of epistemic relativism versus epistemic objectivity in 200-250 words.
2278;Philosophical discourse;Explain the concept of moral standing for future persons in 200-250 words.
2279;Philosophical discourse;Discuss the ethics of intellectual property from a philosophical perspective in 200-250 words.
2280;Philosophical discourse;Evaluate the concept of philosophical intuitions and their reliability in 200-250 words.
2281;Philosophical discourse;"Analyze the philosophical implications of the ""swampman"" thought experiment in 200-250 words."
2282;Philosophical discourse;Explain the concept of Buddhist ethics and its approach to moral reasoning in 200-250 words.
2283;Philosophical discourse;Discuss the concept of ethical intellectualism versus ethical anti-intellectualism in 200-250 words.
2284;Philosophical discourse;Evaluate the ethics of privacy in social media from a philosophical perspective in 200-250 words.
2285;Philosophical discourse;Analyze the concept of epistemic luck in theories of knowledge in 200-250 words.
2286;Philosophical discourse;Explain the concept of moral realism and its meta-ethical foundations in 200-250 words.
2287;Philosophical discourse;Discuss the philosophical implications of confirmation bias in epistemology in 200-250 words.
2288;Philosophical discourse;Evaluate the concept of cosmopolitanism in political philosophy in 200-250 words.
2289;Philosophical discourse;"Analyze the concept of the ""is-ought"" gap in moral reasoning in 200-250 words."
2291;Philosophical discourse;Discuss the ethics of algorithmic decision-making from a philosophical perspective in 200-250 words.
2292;Philosophical discourse;Evaluate the concept of moral enhancement through pharmaceuticals in 200-250 words.
2293;Philosophical discourse;"Analyze the philosophical implications of the ""brain in a vat"" scenario in 200-250 words."
2294;Philosophical discourse;"Explain the concept of the ""eternal return"" in Nietzsche's philosophy in 200-250 words."
2295;Philosophical discourse;Discuss the concept of moral demandingness in ethical theories in 200-250 words.
2296;Philosophical discourse;Evaluate the ethics of nudging from a philosophical perspective in 200-250 words.
2297;Philosophical discourse;Analyze the concept of dialectical materialism in Marxist philosophy in 200-250 words.
2298;Philosophical discourse;Explain the concept of philosophical rationalism versus empiricism in 200-250 words.
2299;Philosophical discourse;Discuss the philosophical implications of moral disagreement for moral realism in 200-250 words.
2300;Philosophical discourse;Evaluate the concept of epistemic paternalism in social epistemology in 200-250 words.
2301;Philosophical discourse;Analyze the concept of Taoist wu-wei (non-action) ethics in 200-250 words.
2302;Philosophical discourse;Explain the concept of philosophical zombies in philosophy of mind in 200-250 words.
2303;Philosophical discourse;Discuss the ethics of preventive war from a philosophical perspective in 200-250 words.
2304;Philosophical discourse;Evaluate the concept of moral responsibility without free will in 200-250 words.
2305;Philosophical discourse;"Analyze the philosophical implications of the ""problem of other minds"" in 200-250 words."
2306;Philosophical discourse;Explain the concept of virtue signaling from an ethical perspective in 200-250 words.
2307;Philosophical discourse;Discuss the concept of eudaimonia in Aristotelian ethics in 200-250 words.
2308;Philosophical discourse;Evaluate the ethics of nationalism from a philosophical perspective in 200-250 words.
2309;Philosophical discourse;Analyze the concept of philosophical perspectivism in Nietzsche's thought in 200-250 words.
2310;Philosophical discourse;Explain the concept of the ethics of care versus the ethics of justice in 200-250 words.
2311;Philosophical discourse;Discuss the philosophical implications of the Gaia hypothesis for environmental ethics in 200-250 words.
2312;Philosophical discourse;Evaluate the concept of ethical non-cognitivism in meta-ethics in 200-250 words.
2313;Philosophical discourse;Analyze the concept of epistemic authority in social epistemology in 200-250 words.
2314;Philosophical discourse;Explain the concept of moral responsibility for collective actions in 200-250 words.
2315;Philosophical discourse;Discuss the ethics of radical life extension from a philosophical perspective in 200-250 words.
2316;Philosophical discourse;Evaluate the concept of process philosophy as developed by Whitehead in 200-250 words.
2317;Philosophical discourse;"Analyze the philosophical implications of the ""problem of future contingents"" in 200-250 words."
2318;Philosophical discourse;Explain the concept of moral status for non-human entities in 200-250 words.
2319;Philosophical discourse;Discuss the concept of constitutional patriotism in political philosophy in 200-250 words.
2320;Philosophical discourse;Evaluate the ethics of humanitarian intervention from a philosophical perspective in 200-250 words.
2321;Philosophical discourse;Analyze the concept of moral intuitionism as proposed by W.D. Ross in 200-250 words.
2322;Philosophical discourse;Explain the concept of philosophical monism versus dualism in 200-250 words.
2323;Philosophical discourse;Discuss the philosophical implications of the paradox of tolerance in 200-250 words.
2324;Philosophical discourse;Evaluate the concept of epistemic dependence in contemporary epistemology in 200-250 words.
2325;Philosophical discourse;Analyze the concept of dharma in Hindu ethical philosophy in 200-250 words.
2326;Philosophical discourse;"Explain the concept of the ""repugnant conclusion"" in population ethics in 200-250 words."
2327;Philosophical discourse;Discuss the ethics of civil disobedience in democratic societies in 200-250 words.
2328;Philosophical discourse;Evaluate the concept of epistemic injustice in feminist epistemology in 200-250 words.
2329;Philosophical discourse;"Analyze the philosophical implications of the ""bootstrap paradox"" in time travel scenarios in 200-250 words."
2331;Philosophical discourse;Discuss the concept of philosophical realism versus anti-realism in 200-250 words.
2332;Philosophical discourse;Evaluate the ethics of political borders from a philosophical perspective in 200-250 words.
2333;Philosophical discourse;Analyze the concept of moral community and its boundaries in 200-250 words.
2334;Philosophical discourse;Explain the concept of virtue epistemology in contemporary philosophy in 200-250 words.
2335;Philosophical discourse;"Discuss the philosophical implications of the ""plasticity of the self"" in 200-250 words."
2336;Philosophical discourse;Evaluate the concept of moral patience in ethical reasoning in 200-250 words.
2337;Philosophical discourse;Analyze the concept of philosophical liberalism and its core principles in 200-250 words.
2338;Philosophical discourse;Explain the concept of thought experiments in philosophical methodology in 200-250 words.
2339;Philosophical discourse;Discuss the ethics of data privacy from a philosophical perspective in 200-250 words.
2340;Philosophical discourse;Evaluate the concept of moral emotions and their role in ethical decision-making in 200-250 words.
2341;Philosophical discourse;Analyze the philosophical implications of existential risk assessment in 200-250 words.
2342;Philosophical discourse;Explain the concept of epistemic virtues versus intellectual virtues in 200-250 words.
2343;Philosophical discourse;Discuss the concept of moral progress and whether it exists in 200-250 words.
2344;Philosophical discourse;Evaluate the ethics of cultural relativism from a philosophical perspective in 200-250 words.
2345;Philosophical discourse;Analyze the concept of relational autonomy in feminist philosophy in 200-250 words.
2346;Philosophical discourse;Explain the concept of epistemic justice in social epistemology in 200-250 words.
2347;Philosophical discourse;Discuss the philosophical implications of transhumanism in 200-250 words.
2348;Philosophical discourse;Evaluate the concept of moral minimalism versus moral maximalism in 200-250 words.
2349;Philosophical discourse;Analyze the concept of philosophical conservatism and its core principles in 200-250 words.
2350;Philosophical discourse;Explain the concept of epistemic trust in contemporary epistemology in 200-250 words.
2351;Philosophical discourse;Discuss the ethics of global poverty from a philosophical perspective in 200-250 words.
2353;Philosophical discourse;"Analyze the philosophical implications of the ""many-worlds interpretation"" of quantum mechanics in 200-250 words."
2354;Philosophical discourse;Explain the concept of philosophical methodology and how it differs from scientific methodology in 200-250 words.
2355;Philosophical discourse;Discuss the concept of moral responsibility for unintended consequences in 200-250 words.
2356;Philosophical discourse;Evaluate the ethics of recreational drug use from a philosophical perspective in 200-250 words.
2357;Philosophical discourse;Analyze the concept of philosophical idealism in Berkeley's philosophy in 200-250 words.
2358;Philosophical discourse;Explain the concept of moral uncertainty and how to handle it in 200-250 words.
2359;Philosophical discourse;Discuss the philosophical implications of digital immortality in 200-250 words.
2360;Philosophical discourse;Evaluate the concept of philosophical anthropology and its relevance to ethics in 200-250 words.
2361;Philosophical discourse;Analyze the concept of moral relevance and irrelevance in ethical reasoning in 200-250 words.
2362;Philosophical discourse;Explain the concept of stoic ethics and its approach to virtue in 200-250 words.
2363;Philosophical discourse;Discuss the ethics of population control from a philosophical perspective in 200-250 words.
2364;Philosophical discourse;Evaluate the concept of transcendental arguments in Kantian philosophy in 200-250 words.
2365;Philosophical discourse;Analyze the philosophical implications of the extended mind hypothesis in 200-250 words.
2366;Philosophical discourse;Explain the concept of philosophical necessity versus contingency in 200-250 words.
2367;Philosophical discourse;Discuss the concept of epistemic peers and peer disagreement in 200-250 words.
2368;Philosophical discourse;Evaluate the ethics of merit-based immigration policies from a philosophical perspective in 200-250 words.
2369;Philosophical discourse;Analyze the concept of metaphilosophy and its importance to philosophical inquiry in 200-250 words.
2370;Philosophical discourse;Explain the concept of moral cognitivism versus non-cognitivism in 200-250 words.
2371;Philosophical discourse;Discuss the philosophical implications of machine consciousness in 200-250 words.
2372;Philosophical discourse;Evaluate the concept of moral consideration for non-sentient life forms in 200-250 words.
2373;Philosophical discourse;Analyze the concept of philosophical skepticism about the external world in 200-250 words.
2374;Philosophical discourse;Explain the concept of agent-relative versus agent-neutral values in ethics in 200-250 words.
2375;Philosophical discourse;Discuss the ethics of genetic determinism from a philosophical perspective in 200-250 words.
2376;Philosophical discourse;Evaluate the concept of epistemic coherentism versus foundationalism in 200-250 words.
2377;Philosophical discourse;"Analyze the philosophical implications of the ""paradox of the heap"" (sorites paradox) in 200-250 words."
2378;Philosophical discourse;Explain the concept of moral psychology in contemporary philosophy in 200-250 words.
2379;Philosophical discourse;Discuss the concept of philosophical pragmatism in American philosophy in 200-250 words.
2380;Philosophical discourse;Evaluate the ethics of moral bioenhancement from a philosophical perspective in 200-250 words.
2381;Philosophical discourse;Analyze the concept of Confucian ethics and its relevance to contemporary moral issues in 200-250 words.
2382;Philosophical discourse;Explain the concept of moral supervenience in meta-ethics in 200-250 words.
2383;Philosophical discourse;"Discuss the philosophical implications of the ""problem of personal identity"" in 200-250 words."
2384;Philosophical discourse;Evaluate the concept of epistemic justice in knowledge acquisition in 200-250 words.
2385;Philosophical discourse;Analyze the concept of philosophical hermeneutics and its application to interpretation in 200-250 words.
2386;Philosophical discourse;Explain the concept of the ethics of belief as proposed by W.K. Clifford in 200-250 words.
2387;Philosophical discourse;Discuss the ethics of social media from a philosophical perspective in 200-250 words.
2388;Philosophical discourse;Evaluate the concept of moral skepticism and its philosophical foundations in 200-250 words.
2389;Philosophical discourse;"Analyze the philosophical implications of the ""ontological turn"" in continental philosophy in 200-250 words."
2391;Philosophical discourse;Discuss the concept of philosophical quietism and its critique of traditional philosophy in 200-250 words.
2392;Philosophical discourse;Evaluate the ethics of targeted killing in warfare from a philosophical perspective in 200-250 words.
2393;Philosophical discourse;Analyze the concept of moral obligation and its sources in 200-250 words.
2394;Philosophical discourse;Explain the concept of philosophical aesthetics and the experience of art in 200-250 words.
2395;Philosophical discourse;"Discuss the philosophical implications of the ""paradox of analysis"" in 200-250 words."
2396;Philosophical discourse;Evaluate the concept of rights-based versus duty-based moral frameworks in 200-250 words.
2397;Philosophical discourse;Analyze the concept of Daoist ethics and its notion of wu-wei in 200-250 words.
2398;Philosophical discourse;Explain the concept of the ethics of memory and remembrance in 200-250 words.
2399;Philosophical discourse;Discuss the ethics of wealth inequality from a philosophical perspective in 200-250 words.
2400;Philosophical discourse;Evaluate the concept of moral responsibility in collective action problems in 200-250 words.
2401;Legal/contractual writing;Draft a privacy policy section addressing data collection practices for a mobile app in 200-250 words.
2402;Legal/contractual writing;Write a non-compete clause for an employment contract in the technology sector in 200-250 words.
2403;Legal/contractual writing;Create a terms of service section explaining user content ownership rights for a social media platform in 200-250 words.
2404;Legal/contractual writing;Draft an intellectual property assignment clause for a consulting agreement in 200-250 words.
2405;Legal/contractual writing;Write a confidentiality provision for a business partnership agreement in 200-250 words.
2406;Legal/contractual writing;Create a force majeure clause addressing pandemic-related disruptions in 200-250 words.
2407;Legal/contractual writing;Draft a dispute resolution section for an international sales contract in 200-250 words.
2409;Legal/contractual writing;Create a termination clause for a service provider contract in 200-250 words.
2410;Legal/contractual writing;Draft a data breach notification provision for a vendor agreement in 200-250 words.
2411;Legal/contractual writing;Write a warranty disclaimer for a consumer product in 200-250 words.
2412;Legal/contractual writing;Create a rental property damage clause for a residential lease agreement in 200-250 words.
2413;Legal/contractual writing;Draft an indemnification provision for a manufacturing contract in 200-250 words.
2414;Legal/contractual writing;Write a compliance with laws section for a corporate services agreement in 200-250 words.
2415;Legal/contractual writing;Create a severability clause explaining how contract provisions remain enforceable in 200-250 words.
2416;Legal/contractual writing;Draft a payment terms section for a freelance contractor agreement in 200-250 words.
2417;Legal/contractual writing;Write a non-solicitation provision for an employment agreement in 200-250 words.
2418;Legal/contractual writing;Create an arbitration clause for a consumer contract in 200-250 words.
2419;Legal/contractual writing;Draft a perpetual license grant for a software agreement in 200-250 words.
2420;Legal/contractual writing;Write a consent to electronic communications clause for online terms of service in 200-250 words.
2421;Legal/contractual writing;Create a remedies section for breach of contract in a supply agreement in 200-250 words.
2422;Legal/contractual writing;Draft a governing law clause for a cross-border transaction in 200-250 words.
2423;Legal/contractual writing;Write a joint venture profit distribution provision in 200-250 words.
2424;Legal/contractual writing;Create a scope of work section for a construction contract in 200-250 words.
2425;Legal/contractual writing;Draft a right of first refusal clause for a real estate transaction in 200-250 words.
2426;Legal/contractual writing;Write a stock option provision for an executive employment agreement in 200-250 words.
2427;Legal/contractual writing;Create a copyright transfer clause for a publishing agreement in 200-250 words.
2428;Legal/contractual writing;Draft a subscription cancellation policy for a digital service in 200-250 words.
2429;Legal/contractual writing;Write a website accessibility compliance statement in 200-250 words.
2430;Legal/contractual writing;Create a third-party beneficiary clause for an insurance contract in 200-250 words.
2431;Legal/contractual writing;Draft a remote work policy section for an employee handbook in 200-250 words.
2432;Legal/contractual writing;Write a liquidated damages provision for a construction delay in 200-250 words.
2433;Legal/contractual writing;Create a premises liability waiver for a recreational facility in 200-250 words.
2434;Legal/contractual writing;Draft a code of conduct section for corporate governance documentation in 200-250 words.
2436;Legal/contractual writing;Create a succession planning provision for a partnership agreement in 200-250 words.
2437;Legal/contractual writing;Draft a medical information privacy clause for a healthcare service in 200-250 words.
2438;Legal/contractual writing;Write an intellectual property licensing section for a franchise agreement in 200-250 words.
2439;Legal/contractual writing;Create a change of control provision for a corporate merger agreement in 200-250 words.
2440;Legal/contractual writing;Draft a conflict of interest policy for board members in 200-250 words.
2441;Legal/contractual writing;Write an escrow agreement section for a real estate transaction in 200-250 words.
2442;Legal/contractual writing;Create a maintenance and repairs clause for a commercial lease in 200-250 words.
2443;Legal/contractual writing;Draft a user data deletion policy for a digital platform in 200-250 words.
2444;Legal/contractual writing;Write a price adjustment mechanism for a long-term supply contract in 200-250 words.
2445;Legal/contractual writing;Create a security deposit return provision for a residential lease in 200-250 words.
2446;Legal/contractual writing;Draft a personal guarantee clause for a small business loan in 200-250 words.
2447;Legal/contractual writing;Write a cookie policy section for a company website in 200-250 words.
2448;Legal/contractual writing;Create a social media usage policy for employees in 200-250 words.
2450;Legal/contractual writing;Write a release of claims provision for a settlement agreement in 200-250 words.
2451;Legal/contractual writing;Create an amendment process clause for organizational bylaws in 200-250 words.
2452;Legal/contractual writing;Draft a no agency relationship disclaimer for independent contractors in 200-250 words.
2453;Legal/contractual writing;Write a financial reporting requirement for a joint venture agreement in 200-250 words.
2454;Legal/contractual writing;Create a contractual statute of limitations provision in 200-250 words.
2455;Legal/contractual writing;Draft a work-for-hire clause for a creative services agreement in 200-250 words.
2456;Legal/contractual writing;Write a risk allocation provision for a transportation contract in 200-250 words.
2457;Legal/contractual writing;Create a buyout option clause for a business partnership in 200-250 words.
2458;Legal/contractual writing;Draft a consequential damages waiver for a technology implementation contract in 200-250 words.
2459;Legal/contractual writing;Write a representation and warranty section regarding legal compliance in 200-250 words.
2460;Legal/contractual writing;Create a non-disparagement clause for a separation agreement in 200-250 words.
2461;Legal/contractual writing;Draft a service level agreement section for IT services in 200-250 words.
2462;Legal/contractual writing;Write a merchandise return policy for an e-commerce business in 200-250 words.
2464;Legal/contractual writing;Draft a GDPR compliance statement for an international business in 200-250 words.
2465;Legal/contractual writing;Write a professional liability insurance requirement for a service provider in 200-250 words.
2466;Legal/contractual writing;Create a survivability clause identifying provisions that continue after termination in 200-250 words.
2467;Legal/contractual writing;Draft a whistleblower protection policy for a corporation in 200-250 words.
2468;Legal/contractual writing;Write an expert determination clause for technical disputes in 200-250 words.
2469;Legal/contractual writing;Create a shareholder voting rights provision for corporate bylaws in 200-250 words.
2470;Legal/contractual writing;Draft a trade secret protection clause for an employment agreement in 200-250 words.
2471;Legal/contractual writing;Write a membership termination policy for an association in 200-250 words.
2472;Legal/contractual writing;Create a health and safety compliance provision for a workplace in 200-250 words.
2473;Legal/contractual writing;Draft a customer data usage policy for marketing purposes in 200-250 words.
2474;Legal/contractual writing;Write a charitable donation matching provision for an employee benefits policy in 200-250 words.
2475;Legal/contractual writing;Create a patent licensing clause for a technology transfer agreement in 200-250 words.
2476;Legal/contractual writing;Draft a revenue sharing provision for a collaborative project in 200-250 words.
2477;Legal/contractual writing;Write a real estate contingency clause for mortgage financing in 200-250 words.
2478;Legal/contractual writing;Create a minimum purchase requirement for a wholesale agreement in 200-250 words.
2479;Legal/contractual writing;Draft a parental consent provision for minors using an online service in 200-250 words.
2480;Legal/contractual writing;Write a board meeting procedure section for corporate bylaws in 200-250 words.
2481;Legal/contractual writing;Create a climate change risk disclosure for corporate documentation in 200-250 words.
2482;Legal/contractual writing;Draft an accessibility accommodation policy for a public venue in 200-250 words.
2483;Legal/contractual writing;Write a limitation period for filing claims under an insurance policy in 200-250 words.
2484;Legal/contractual writing;Create a refund policy for a subscription service in 200-250 words.
2485;Legal/contractual writing;Draft an assignment and subletting clause for a commercial lease in 200-250 words.
2486;Legal/contractual writing;Write a diversity and inclusion policy for corporate governance in 200-250 words.
2487;Legal/contractual writing;Create a software maintenance and support provision in 200-250 words.
2488;Legal/contractual writing;Draft a right to audit clause for a vendor agreement in 200-250 words.
2489;Legal/contractual writing;Write a privacy policy section addressing children's data protection in 200-250 words.
2490;Legal/contractual writing;Create a conflict resolution procedure for a homeowners association in 200-250 words.
2491;Legal/contractual writing;Draft a performance bonus structure for an employment agreement in 200-250 words.
2492;Legal/contractual writing;Write an exclusivity provision for a distribution agreement in 200-250 words.
2493;Legal/contractual writing;Create a trademark usage guidelines section for a licensing agreement in 200-250 words.
2495;Legal/contractual writing;Write a document retention policy for a business in 200-250 words.
2496;Legal/contractual writing;Create a carbon offset commitment clause for corporate environmental policy in 200-250 words.
2497;Legal/contractual writing;Draft a patient confidentiality provision for a healthcare practice in 200-250 words.
2498;Legal/contractual writing;Write a profit-sharing mechanism for a business partnership in 200-250 words.
2499;Legal/contractual writing;Create a project acceptance criteria clause for a development contract in 200-250 words.
2500;Legal/contractual writing;Draft a non-circumvention provision for a business introduction agreement in 200-250 words.
2501;Legal/contractual writing;Write a lease renewal option clause for a commercial property in 200-250 words.
2502;Legal/contractual writing;Create a step-in rights provision for a project finance agreement in 200-250 words.
2503;Legal/contractual writing;Draft an anti-money laundering compliance clause for financial services in 200-250 words.
2504;Legal/contractual writing;Write a vaccination requirement policy for a workplace in 200-250 words.
2505;Legal/contractual writing;Create a technology escrow provision for source code protection in 200-250 words.
2506;Legal/contractual writing;Draft a capacity representation clause for contracting parties in 200-250 words.
2507;Legal/contractual writing;Write a dividend distribution policy for a corporation in 200-250 words.
2508;Legal/contractual writing;Create a client confidentiality clause for a professional services agreement in 200-250 words.
2509;Legal/contractual writing;Draft a material adverse change provision for an acquisition agreement in 200-250 words.
2510;Legal/contractual writing;Write a cybersecurity incident response procedure in 200-250 words.
2511;Legal/contractual writing;Create a choice of forum clause for dispute resolution in 200-250 words.
2512;Legal/contractual writing;Draft a merger clause (entire agreement provision) in 200-250 words.
2513;Legal/contractual writing;Write a representation regarding absence of litigation for a business sale in 200-250 words.
2514;Legal/contractual writing;Create a time is of the essence clause explaining its significance in 200-250 words.
2515;Legal/contractual writing;Draft a mandatory reporting policy for suspected child abuse in 200-250 words.
2516;Legal/contractual writing;Write a break-up fee provision for a failed transaction in 200-250 words.
2517;Legal/contractual writing;Create a reverse engineering prohibition for a software license in 200-250 words.
2518;Legal/contractual writing;Draft an anti-assignment clause for a personal services contract in 200-250 words.
2519;Legal/contractual writing;Write an environmental compliance representation for a real estate transaction in 200-250 words.
2520;Legal/contractual writing;Create a severance payment provision for an executive employment agreement in 200-250 words.
2521;Legal/contractual writing;Draft a jury trial waiver clause for a commercial contract in 200-250 words.
2522;Legal/contractual writing;Write a debt subordination provision for a financing agreement in 200-250 words.
2523;Legal/contractual writing;Create a notice requirement section specifying communication methods in 200-250 words.
2524;Legal/contractual writing;Draft a telecommuting policy for employees in 200-250 words.
2525;Legal/contractual writing;Write a most favored nation clause for a supply agreement in 200-250 words.
2526;Legal/contractual writing;Create a business continuity plan requirement for critical vendors in 200-250 words.
2527;Legal/contractual writing;Draft a guest liability waiver for a hospitality business in 200-250 words.
2528;Legal/contractual writing;Write a stock transfer restriction provision for a closely held corporation in 200-250 words.
2529;Legal/contractual writing;Create a data localization compliance clause for international operations in 200-250 words.
2530;Legal/contractual writing;Draft a political contribution policy for a corporation in 200-250 words.
2531;Legal/contractual writing;Write a medical leave provision compliant with family leave laws in 200-250 words.
2532;Legal/contractual writing;Create a tiered pricing structure clause for volume purchases in 200-250 words.
2533;Legal/contractual writing;Draft a right of publicity release for using someone's image in 200-250 words.
2534;Legal/contractual writing;Write a benefit plan participation clause for an employment contract in 200-250 words.
2535;Legal/contractual writing;Create a covenant not to sue provision for a settlement agreement in 200-250 words.
2536;Legal/contractual writing;Draft an employee invention assignment agreement section in 200-250 words.
2537;Legal/contractual writing;Write a spousal consent requirement for major financial decisions in 200-250 words.
2538;Legal/contractual writing;Create a customer support service level guarantee in 200-250 words.
2539;Legal/contractual writing;Draft a background check authorization for employment candidates in 200-250 words.
2540;Legal/contractual writing;Write a sales territory definition clause for a distribution agreement in 200-250 words.
2542;Legal/contractual writing;Draft a religious accommodation policy for a workplace in 200-250 words.
2543;Legal/contractual writing;Write a source code license grant for a software development agreement in 200-250 words.
2544;Legal/contractual writing;Create a pet policy for a residential lease agreement in 200-250 words.
2545;Legal/contractual writing;Draft a corporate social responsibility commitment statement in 200-250 words.
2546;Legal/contractual writing;Write an expert witness testimony agreement clause in 200-250 words.
2547;Legal/contractual writing;Create a tax liability allocation provision for a business sale in 200-250 words.
2548;Legal/contractual writing;Draft a website terms of use section on user-generated content in 200-250 words.
2549;Legal/contractual writing;Write a resignation notice period requirement for an employment contract in 200-250 words.
2550;Legal/contractual writing;Create a minority shareholder protection clause in 200-250 words.
2551;Legal/contractual writing;Draft an investment risk disclosure for a private placement in 200-250 words.
2552;Legal/contractual writing;Write a quality control provision for manufacturing specifications in 200-250 words.
2553;Legal/contractual writing;Create a crisis management procedure for corporate governance in 200-250 words.
2554;Legal/contractual writing;Draft a continuous operation covenant for a retail lease in 200-250 words.
2555;Legal/contractual writing;Write a third-party claim procedure for an insurance policy in 200-250 words.
2556;Legal/contractual writing;Create a marketing materials approval process in an agency agreement in 200-250 words.
2557;Legal/contractual writing;Draft a renewable energy procurement commitment for corporate sustainability in 200-250 words.
2558;Legal/contractual writing;Write a records inspection rights clause for investors in 200-250 words.
2559;Legal/contractual writing;Create a drug testing policy for safety-sensitive positions in 200-250 words.
2560;Legal/contractual writing;Draft a trustee powers provision for an estate planning document in 200-250 words.
2561;Legal/contractual writing;Write a customer identification procedure for anti-money laundering compliance in 200-250 words.
2562;Legal/contractual writing;Create a compensation clawback provision for executive misconduct in 200-250 words.
2563;Legal/contractual writing;Draft a cross-default provision for a loan agreement in 200-250 words.
2564;Legal/contractual writing;Write a software acceptance testing procedure clause in 200-250 words.
2565;Legal/contractual writing;Create a workplace harassment prevention policy in 200-250 words.
2566;Legal/contractual writing;Draft a cost-plus pricing mechanism for a construction contract in 200-250 words.
2567;Legal/contractual writing;Write a land use restriction covenant for a property deed in 200-250 words.
2568;Legal/contractual writing;Create a customer referral incentive program terms in 200-250 words.
2569;Legal/contractual writing;Draft a corporate opportunity doctrine waiver for directors in 200-250 words.
2570;Legal/contractual writing;Write a profit definition clause for a royalty agreement in 200-250 words.
2571;Legal/contractual writing;Create a government investigation cooperation clause in 200-250 words.
2572;Legal/contractual writing;Draft a social media contest rules document in 200-250 words.
2574;Legal/contractual writing;Create a product certification compliance representation in 200-250 words.
2575;Legal/contractual writing;Draft a minimum wage and overtime compliance policy in 200-250 words.
2576;Legal/contractual writing;Write a reseller authorization agreement clause in 200-250 words.
2577;Legal/contractual writing;Create a mutual release of claims provision for a dispute settlement in 200-250 words.
2578;Legal/contractual writing;Draft a website accessibility compliance commitment in 200-250 words.
2579;Legal/contractual writing;Write a bankruptcy remote entity provision for a financing structure in 200-250 words.
2580;Legal/contractual writing;Create a power of attorney delegation clause in 200-250 words.
2581;Legal/contractual writing;Draft a security incident notification requirement for a vendor in 200-250 words.
2582;Legal/contractual writing;Write a charitable foundation governance provision in 200-250 words.
2583;Legal/contractual writing;Create a hazardous materials handling procedure for a facility in 200-250 words.
2584;Legal/contractual writing;Draft an anti-bribery compliance provision for international business in 200-250 words.
2585;Legal/contractual writing;Write an employee stock purchase plan participation clause in 200-250 words.
2586;Legal/contractual writing;Create a conflict minerals sourcing policy statement in 200-250 words.
2587;Legal/contractual writing;Draft a drone usage policy for commercial photography in 200-250 words.
2588;Legal/contractual writing;Write a vaccine exemption policy for religious or medical reasons in 200-250 words.
2589;Legal/contractual writing;Create a liquidation preference provision for preferred shareholders in 200-250 words.
2590;Legal/contractual writing;Draft a trade compliance representation for export controls in 200-250 words.
2591;Legal/contractual writing;Write a permitted use clause for a commercial lease in 200-250 words.
2592;Legal/contractual writing;Create a parental leave policy for a workplace in 200-250 words.
2593;Legal/contractual writing;Draft a customer success metrics reporting requirement in 200-250 words.
2594;Legal/contractual writing;Write a standard of care provision for professional services in 200-250 words.
2596;Legal/contractual writing;Draft a right to repair clause for consumer products in 200-250 words.
2597;Legal/contractual writing;Write a delegation of duties provision for a services agreement in 200-250 words.
2598;Legal/contractual writing;Create a contingent beneficiary designation for an insurance policy in 200-250 words.
2599;Legal/contractual writing;Draft a sponsored content disclosure policy for influencers in 200-250 words.
2600;Legal/contractual writing;Write a corporate bylaw section on officer appointments in 200-250 words.
2601;Legal/contractual writing;Create a software interoperability warranty for an IT system in 200-250 words.
2602;Legal/contractual writing;Draft a student loan repayment assistance program for employees in 200-250 words.
2603;Legal/contractual writing;Write a website scraping prohibition clause in 200-250 words.
2604;Legal/contractual writing;Create a mandatory retirement policy for partners in 200-250 words.
2605;Legal/contractual writing;Draft a real estate environmental indemnity provision in 200-250 words.
2606;Legal/contractual writing;Write a class action waiver for a consumer agreement in 200-250 words.
2607;Legal/contractual writing;Create a disability accommodation policy for employees in 200-250 words.
2608;Legal/contractual writing;Draft a construction defect warranty provision in 200-250 words.
2609;Legal/contractual writing;Write a board diversity requirement for corporate governance in 200-250 words.
2610;Legal/contractual writing;Create a medical device risk disclosure for patient consent in 200-250 words.
2611;Legal/contractual writing;Draft a peer review provision for quality assurance in 200-250 words.
2612;Legal/contractual writing;Write a freelancer intellectual property rights assignment in 200-250 words.
2613;Legal/contractual writing;Create a shipping terms and risk of loss provision in 200-250 words.
2614;Legal/contractual writing;Draft a foreign corrupt practices act compliance policy in 200-250 words.
2615;Legal/contractual writing;Write a customer loyalty program terms and conditions in 200-250 words.
2616;Legal/contractual writing;Create a data anonymization protocol for research information in 200-250 words.
2617;Legal/contractual writing;Draft a franchise territory protection clause in 200-250 words.
2618;Legal/contractual writing;Write a code of ethics provision for financial professionals in 200-250 words.
2619;Legal/contractual writing;Create a site access rules for contractors in 200-250 words.
2620;Legal/contractual writing;Draft a community property agreement clause for married couples in 200-250 words.
2621;Legal/contractual writing;Write a data portability rights section for a privacy policy in 200-250 words.
2622;Legal/contractual writing;Create a green building certification requirement for development in 200-250 words.
2623;Legal/contractual writing;Draft a digital millennium copyright act compliance policy in 200-250 words.
2624;Legal/contractual writing;Write an insurance requirements clause for a vendor agreement in 200-250 words.
2625;Legal/contractual writing;Create a corporate opportunity waiver for board members in 200-250 words.
2626;Legal/contractual writing;Draft a tax gross-up provision for executive compensation in 200-250 words.
2627;Legal/contractual writing;Write a corporate restructuring provision for debt agreements in 200-250 words.
2628;Legal/contractual writing;Create a fair housing compliance policy for property management in 200-250 words.
2629;Legal/contractual writing;Draft a performance evaluation criteria for an employment contract in 200-250 words.
2630;Legal/contractual writing;Write a facility access and security policy in 200-250 words.
2631;Legal/contractual writing;Create a death benefits provision for an employment agreement in 200-250 words.
2632;Legal/contractual writing;Draft a pandemic response protocol for business continuity in 200-250 words.
2633;Legal/contractual writing;Write a supplier diversity commitment for corporate procurement in 200-250 words.
2634;Legal/contractual writing;Create a market withdrawal procedure for defective products in 200-250 words.
2635;Legal/contractual writing;Draft a sales quota requirement for commission-based employment in 200-250 words.
2636;Legal/contractual writing;Write a vehicle use policy for company-owned automobiles in 200-250 words.
2637;Legal/contractual writing;Create a third-party integration terms for a software platform in 200-250 words.
2638;Legal/contractual writing;Draft a travel expense reimbursement policy for employees in 200-250 words.
2639;Legal/contractual writing;Write a limited power of attorney for specific transactions in 200-250 words.
2640;Legal/contractual writing;Create a gift acceptance policy for a nonprofit organization in 200-250 words.
2641;Legal/contractual writing;Draft a license revocation procedure for regulatory compliance in 200-250 words.
2642;Legal/contractual writing;Write a data subject access request procedure under privacy laws in 200-250 words.
2643;Legal/contractual writing;Create a competitive bidding requirement for government contracts in 200-250 words.
2644;Legal/contractual writing;Draft a family and medical leave policy in 200-250 words.
2645;Legal/contractual writing;Write an information security policy section on password requirements in 200-250 words.
2646;Legal/contractual writing;Create a legal hold notification procedure for litigation in 200-250 words.
2647;Legal/contractual writing;Draft a cost-sharing provision for common area maintenance in 200-250 words.
2648;Legal/contractual writing;Write a workplace safety inspection protocol in 200-250 words.
2649;Legal/contractual writing;Create a subscription auto-renewal disclosure for consumers in 200-250 words.
2650;Legal/contractual writing;Draft a collaborative development intellectual property ownership clause in 200-250 words.
2651;Legal/contractual writing;Write a judicial reference provision as an alternative to arbitration in 200-250 words.
2653;Legal/contractual writing;Draft a right to disconnect policy for after-hours communications in 200-250 words.
2654;Legal/contractual writing;Write a digital signature authorization clause in 200-250 words.
2655;Legal/contractual writing;Create a personal information deletion process for former customers in 200-250 words.
2656;Legal/contractual writing;Draft a jury selection procedure provision for a trial stipulation in 200-250 words.
2657;Legal/contractual writing;Write a sustainable sourcing commitment for supply chain in 200-250 words.
2658;Legal/contractual writing;Create a guardianship designation for minor children in 200-250 words.
2659;Legal/contractual writing;Draft a security deposit handling procedure for a lease in 200-250 words.
2660;Legal/contractual writing;Write a lobbying activities disclosure policy for a corporation in 200-250 words.
2661;Legal/contractual writing;Create a milestone payment schedule for a project contract in 200-250 words.
2662;Legal/contractual writing;Draft a mental health accommodation policy for a workplace in 200-250 words.
2663;Legal/contractual writing;Write a property inspection procedure for a real estate transaction in 200-250 words.
2664;Legal/contractual writing;Create a third-party funding disclosure requirement for litigation in 200-250 words.
2665;Legal/contractual writing;Draft a customer communication opt-out procedure in 200-250 words.
2666;Legal/contractual writing;Write a voting trust agreement provision for shareholders in 200-250 words.
2667;Legal/contractual writing;Create a bring your own device policy for workplace technology in 200-250 words.
2668;Legal/contractual writing;Draft a wage garnishment processing procedure in 200-250 words.
2669;Legal/contractual writing;Write a data breach insurance requirement for vendors in 200-250 words.
2670;Legal/contractual writing;Create a financial hardship clause for payment plans in 200-250 words.
2671;Legal/contractual writing;Draft a corporate political activity policy in 200-250 words.
2672;Legal/contractual writing;Write a sales tax collection and remittance procedure in 200-250 words.
2673;Legal/contractual writing;Create a pregnancy accommodation policy for a workplace in 200-250 words.
2674;Legal/contractual writing;Draft a trade secret identification procedure in 200-250 words.
2675;Legal/contractual writing;Write a forum selection clause for international contracts in 200-250 words.
2676;Legal/contractual writing;Create a whistleblower hotline protocol in 200-250 words.
2677;Legal/contractual writing;Draft a technical data rights clause for government contractors in 200-250 words.
2678;Legal/contractual writing;Write a third-party beneficiary exclusion provision in 200-250 words.
2679;Legal/contractual writing;Create a software patch and update requirement in 200-250 words.
2680;Legal/contractual writing;Draft a shareholder proxy voting procedure in 200-250 words.
2681;Legal/contractual writing;Write a consumer right to repair policy in 200-250 words.
2682;Legal/contractual writing;Create a successor liability provision for business sales in 200-250 words.
2683;Legal/contractual writing;Draft a student data privacy policy for educational institutions in 200-250 words.
2684;Legal/contractual writing;Write a firearms prohibition policy for private property in 200-250 words.
2685;Legal/contractual writing;Create a profit interest grant for a partnership in 200-250 words.
2686;Legal/contractual writing;Draft an anti-harassment training requirement for employees in 200-250 words.
2687;Legal/contractual writing;Write a force majeure provision specifically addressing cybersecurity incidents in 200-250 words.
2688;Legal/contractual writing;Create a copyright infringement notification procedure in 200-250 words.
2689;Legal/contractual writing;Draft a non-GAAP financial measures disclosure policy in 200-250 words.
2690;Legal/contractual writing;Write a responsible gambling policy for online gaming in 200-250 words.
2691;Legal/contractual writing;Create a child labor prohibition clause for supply chain contracts in 200-250 words.
2692;Legal/contractual writing;Draft a carbon offset verification requirement in 200-250 words.
2693;Legal/contractual writing;Write a related party transaction approval procedure in 200-250 words.
2694;Legal/contractual writing;Create a video surveillance notification policy in 200-250 words.
2695;Legal/contractual writing;Draft a deferred compensation plan provision in 200-250 words.
2696;Legal/contractual writing;Write a training reimbursement obligation for employees who leave in 200-250 words.
2697;Legal/contractual writing;Create a workplace violence prevention policy in 200-250 words.
2698;Legal/contractual writing;Draft a consumer data monetization disclosure in 200-250 words.
2700;Legal/contractual writing;Create a financial institution know-your-customer procedure in 200-250 words.
2701;Entertainment reviews;Write a 200-250 word review of the latest Marvel superhero film, analyzing its place in the broader franchise.
2702;Entertainment reviews;Compose a 200-250 word critical assessment of a classic novel published before 1900, discussing its relevance today.
2703;Entertainment reviews;Write a 200-250 word review of a popular wireless headphone model, focusing on sound quality and comfort.
2704;Entertainment reviews;Craft a 200-250 word review of an award-winning documentary film, evaluating its objectivity and impact.
2705;Entertainment reviews;Write a 200-250 word assessment of a recently released science fiction novel, analyzing its world-building elements.
2706;Entertainment reviews;Compose a 200-250 word review of a flagship smartphone, highlighting its camera capabilities and battery life.
2707;Entertainment reviews;Create a 200-250 word critique of an independent film, discussing its cinematography and narrative structure.
2708;Entertainment reviews;Write a 200-250 word review of a bestselling self-help book, examining its practical applications and advice.
2710;Entertainment reviews;Compose a 200-250 word review of a Broadway musical, evaluating the performances and production design.
2711;Entertainment reviews;Write a 200-250 word critique of a true crime podcast series, analyzing its ethical approach and storytelling techniques.
2712;Entertainment reviews;Create a 200-250 word review of a smart home device, discussing its functionality and integration capabilities.
2713;Entertainment reviews;Craft a 200-250 word assessment of a historical fiction novel set during World War II, examining its historical accuracy.
2714;Entertainment reviews;Write a 200-250 word review of an international film with subtitles, discussing cultural context and translation quality.
2715;Entertainment reviews;Compose a 200-250 word critique of a streaming service original series, evaluating its binge-worthiness.
2716;Entertainment reviews;Create a 200-250 word review of a high-end coffee maker, focusing on brewing quality and ease of use.
2717;Entertainment reviews;Write a 200-250 word assessment of a graphic novel, analyzing its artistic style and narrative elements.
2718;Entertainment reviews;Craft a 200-250 word review of a psychological thriller film, examining its plot twists and suspense techniques.
2719;Entertainment reviews;Compose a 200-250 word critique of a memoir by a public figure, evaluating its candor and literary merit.
2720;Entertainment reviews;Write a 200-250 word review of a fitness tracker wearable, discussing accuracy and motivational features.
2721;Entertainment reviews;Create a 200-250 word assessment of a classic film from the 1950s, examining its influence on modern cinema.
2722;Entertainment reviews;Craft a 200-250 word review of a young adult fantasy series, analyzing its appeal across age demographics.
2723;Entertainment reviews;Compose a 200-250 word critique of a virtual reality gaming headset, evaluating immersion and comfort.
2724;Entertainment reviews;Write a 200-250 word review of a translated literary work, discussing how translation affects the original text.
2725;Entertainment reviews;Create a 200-250 word assessment of a reality competition show, examining its format and entertainment value.
2726;Entertainment reviews;Craft a 200-250 word review of a smart watch, focusing on health monitoring features and battery life.
2727;Entertainment reviews;Compose a 200-250 word critique of an art house film, analyzing its experimental techniques and themes.
2728;Entertainment reviews;Write a 200-250 word review of a celebrity autobiography, evaluating its authenticity and revelations.
2729;Entertainment reviews;Create a 200-250 word assessment of a robot vacuum cleaner, discussing cleaning performance and smart features.
2730;Entertainment reviews;Craft a 200-250 word review of a film adaptation of a popular novel, comparing it to the source material.
2731;Entertainment reviews;Compose a 200-250 word critique of a political memoir, analyzing its historical context and bias.
2732;Entertainment reviews;Write a 200-250 word review of a noise-canceling headphone model, focusing on effectiveness and sound quality.
2733;Entertainment reviews;Create a 200-250 word assessment of a critically acclaimed foreign language film, examining its cultural significance.
2734;Entertainment reviews;Craft a 200-250 word review of a science book written for general audiences, evaluating its accessibility.
2735;Entertainment reviews;Compose a 200-250 word critique of a music album, analyzing its production quality and lyrical themes.
2736;Entertainment reviews;Write a 200-250 word review of a premium digital camera, discussing image quality and user interface.
2737;Entertainment reviews;Create a 200-250 word assessment of a dystopian novel, examining its social commentary and plausibility.
2738;Entertainment reviews;Craft a 200-250 word review of a comedy special on a streaming platform, analyzing humor styles and delivery.
2739;Entertainment reviews;Compose a 200-250 word critique of a historical drama series, evaluating historical accuracy versus dramatic license.
2740;Entertainment reviews;Write a 200-250 word review of a portable Bluetooth speaker, focusing on sound quality and durability.
2741;Entertainment reviews;Create a 200-250 word assessment of a cult classic film from the 1980s, discussing its enduring appeal.
2742;Entertainment reviews;Craft a 200-250 word review of a popular cookbook, evaluating recipe variety and instruction clarity.
2743;Entertainment reviews;Compose a 200-250 word critique of an immersive theater experience, analyzing audience participation elements.
2744;Entertainment reviews;Write a 200-250 word review of a gaming laptop, discussing performance and cooling capabilities.
2745;Entertainment reviews;Create a 200-250 word assessment of a Pulitzer Prize-winning novel, examining literary techniques and themes.
2746;Entertainment reviews;Craft a 200-250 word review of a documentary series about environmental issues, evaluating its persuasiveness.
2747;Entertainment reviews;Compose a 200-250 word critique of a revival of a classic play, comparing it to traditional interpretations.
2748;Entertainment reviews;Write a 200-250 word review of a smart thermostat, focusing on energy savings and ease of programming.
2749;Entertainment reviews;Create a 200-250 word assessment of a biographical film, examining how it portrays its subject.
2750;Entertainment reviews;Craft a 200-250 word review of a literary fiction work by a debut author, evaluating voice and promise.
2751;Entertainment reviews;Compose a 200-250 word critique of a subscription meal kit service, analyzing value and recipe quality.
2752;Entertainment reviews;Write a 200-250 word review of a horror film, discussing scare tactics and psychological elements.
2753;Entertainment reviews;Create a 200-250 word assessment of a non-fiction book about technology's impact on society, evaluating its arguments.
2754;Entertainment reviews;Craft a 200-250 word review of a wireless earbud model, focusing on fit, sound quality, and battery life.
2756;Entertainment reviews;Write a 200-250 word review of a mirrorless camera system, evaluating its appeal to professionals versus amateurs.
2757;Entertainment reviews;Create a 200-250 word assessment of a classic children's book, examining why it continues to resonate.
2758;Entertainment reviews;Craft a 200-250 word review of a director's cut version of a film, comparing it to the theatrical release.
2759;Entertainment reviews;Compose a 200-250 word critique of a narrative podcast, analyzing storytelling techniques and production quality.
2760;Entertainment reviews;Write a 200-250 word review of an electric toothbrush, focusing on cleaning effectiveness and features.
2761;Entertainment reviews;Create a 200-250 word assessment of a film that addresses social justice issues, evaluating its impact and approach.
2762;Entertainment reviews;Craft a 200-250 word review of a mystery novel, discussing plot structure and the effectiveness of red herrings.
2763;Entertainment reviews;Compose a 200-250 word critique of a live concert recording, analyzing performance quality and production.
2764;Entertainment reviews;Write a 200-250 word review of a tablet device, discussing display quality and productivity capabilities.
2765;Entertainment reviews;Create a 200-250 word assessment of an anthology television series, evaluating consistency across episodes.
2766;Entertainment reviews;Craft a 200-250 word review of a travel memoir, analyzing descriptive quality and cultural observations.
2767;Entertainment reviews;Compose a 200-250 word critique of a remastered classic album, comparing it to the original release.
2768;Entertainment reviews;Write a 200-250 word review of a home security camera system, focusing on video quality and smart features.
2769;Entertainment reviews;Create a 200-250 word assessment of a coming-of-age film, examining its portrayal of adolescence.
2770;Entertainment reviews;Craft a 200-250 word review of a historical non-fiction book, evaluating research quality and narrative flow.
2771;Entertainment reviews;Compose a 200-250 word critique of a limited series adaptation of a novel, analyzing adaptation choices.
2772;Entertainment reviews;Write a 200-250 word review of a mechanical keyboard, discussing typing experience and customization options.
2773;Entertainment reviews;Create a 200-250 word assessment of an experimental film, examining its unconventional techniques.
2775;Entertainment reviews;Compose a 200-250 word critique of a comedy film, analyzing humor styles and comedic timing.
2776;Entertainment reviews;Write a 200-250 word review of a smart doorbell, focusing on video quality and notification features.
2777;Entertainment reviews;Create a 200-250 word assessment of a film sequel released decades after the original, examining continuity.
2778;Entertainment reviews;Craft a 200-250 word review of a philosophical book written for general readers, evaluating accessibility.
2779;Entertainment reviews;Compose a 200-250 word critique of a rebooted television series, comparing it to the original version.
2780;Entertainment reviews;Write a 200-250 word review of a premium blender, discussing performance and versatility.
2781;Entertainment reviews;Create a 200-250 word assessment of a romantic comedy film, examining how it employs or subverts genre tropes.
2782;Entertainment reviews;Craft a 200-250 word review of a speculative fiction novel, analyzing its scientific plausibility.
2783;Entertainment reviews;Compose a 200-250 word critique of an episodic video game, evaluating narrative choices and player agency.
2784;Entertainment reviews;Write a 200-250 word review of a wireless charging pad, focusing on charging speed and compatibility.
2785;Entertainment reviews;Create a 200-250 word assessment of a biographical documentary, examining research depth and presentation.
2786;Entertainment reviews;Craft a 200-250 word review of a poetry collection, evaluating imagery and emotional impact.
2787;Entertainment reviews;Compose a 200-250 word critique of a film director's body of work, analyzing recurring themes and style.
2788;Entertainment reviews;Write a 200-250 word review of a smart lighting system, discussing ambiance creation and automation.
2789;Entertainment reviews;Create a 200-250 word assessment of a film with extensive CGI effects, examining technical achievement.
2790;Entertainment reviews;Craft a 200-250 word review of a business leadership book, evaluating practical advice and case studies.
2791;Entertainment reviews;Compose a 200-250 word critique of a revival of a classic musical, comparing it to the original production.
2792;Entertainment reviews;Write a 200-250 word review of a premium coffee subscription service, focusing on bean quality and variety.
2793;Entertainment reviews;Create a 200-250 word assessment of a black and white film released in the modern era, examining artistic choice.
2794;Entertainment reviews;Craft a 200-250 word review of a military history book, evaluating strategic analysis and personal accounts.
2795;Entertainment reviews;Compose a 200-250 word critique of an AR (augmented reality) mobile game, analyzing real-world integration.
2796;Entertainment reviews;Write a 200-250 word review of a premium pen, discussing writing experience and design.
2797;Entertainment reviews;Create a 200-250 word assessment of a film with a non-linear narrative structure, examining effectiveness.
2798;Entertainment reviews;Craft a 200-250 word review of a popular science book on cosmology, evaluating explanatory clarity.
2799;Entertainment reviews;Compose a 200-250 word critique of a streaming music service, analyzing catalog depth and user experience.
2800;Entertainment reviews;Write a 200-250 word review of an air purifier, focusing on performance and noise levels.
2802;Entertainment reviews;Craft a 200-250 word review of a fantasy novel featuring a unique magic system, analyzing its rules and creativity.
2803;Entertainment reviews;Compose a 200-250 word critique of a celebrity-hosted talk show, evaluating interview techniques.
2804;Entertainment reviews;Write a 200-250 word review of a smart refrigerator, discussing innovative features and practical utility.
2805;Entertainment reviews;Create a 200-250 word assessment of a documentary about a controversial figure, examining objectivity.
2806;Entertainment reviews;Craft a 200-250 word review of a novel written in an experimental style, evaluating readability and purpose.
2807;Entertainment reviews;Compose a 200-250 word critique of a film soundtrack, analyzing how it enhances the visual storytelling.
2808;Entertainment reviews;Write a 200-250 word review of a premium mattress, focusing on comfort and sleep quality improvement.
2809;Entertainment reviews;Create a 200-250 word assessment of an animated film for adults, examining maturity of themes.
2810;Entertainment reviews;Craft a 200-250 word review of a popular economics book, evaluating accessibility for non-specialists.
2811;Entertainment reviews;Compose a 200-250 word critique of a celebrity-branded product line, analyzing quality versus name recognition.
2812;Entertainment reviews;Write a 200-250 word review of a smart fitness mirror, discussing workout variety and interactive features.
2813;Entertainment reviews;Create a 200-250 word assessment of a film based on true events, examining factual accuracy versus dramatic license.
2814;Entertainment reviews;Craft a 200-250 word review of a memoir about overcoming adversity, evaluating inspirational impact.
2815;Entertainment reviews;Compose a 200-250 word critique of a long-running television series, analyzing quality consistency over seasons.
2816;Entertainment reviews;Write a 200-250 word review of a home espresso machine, focusing on coffee quality and ease of use.
2817;Entertainment reviews;Create a 200-250 word assessment of a film that explores mental health issues, examining sensitivity and accuracy.
2818;Entertainment reviews;Craft a 200-250 word review of a historical fiction novel set in ancient times, evaluating period authenticity.
2819;Entertainment reviews;Compose a 200-250 word critique of a remastered video game classic, comparing it to the original version.
2820;Entertainment reviews;Write a 200-250 word review of a robotic lawn mower, discussing performance and convenience.
2821;Entertainment reviews;Create a 200-250 word assessment of a documentary about an artistic movement, examining contextual information.
2823;Entertainment reviews;Compose a 200-250 word critique of a stand-up comedy album, analyzing humor styles and audience response.
2824;Entertainment reviews;Write a 200-250 word review of a premium chef's knife, focusing on balance and cutting performance.
2825;Entertainment reviews;Create a 200-250 word assessment of a film with minimal dialogue, examining visual storytelling techniques.
2826;Entertainment reviews;Craft a 200-250 word review of a motivational self-help book, evaluating actionable advice.
2827;Entertainment reviews;Compose a 200-250 word critique of a sports documentary series, analyzing storytelling versus match coverage.
2828;Entertainment reviews;Write a 200-250 word review of a smart scale, discussing measurement accuracy and health tracking features.
2829;Entertainment reviews;Create a 200-250 word assessment of a film shot in a single continuous take, examining technical achievement.
2830;Entertainment reviews;Craft a 200-250 word review of a biography of a historical figure, evaluating research depth and bias.
2831;Entertainment reviews;Compose a 200-250 word critique of a reimagined fairy tale film, analyzing modern elements versus tradition.
2832;Entertainment reviews;Write a 200-250 word review of a wireless router system, focusing on coverage and speed.
2833;Entertainment reviews;Create a 200-250 word assessment of a foreign film that achieved international recognition, examining universal themes.
2834;Entertainment reviews;Craft a 200-250 word review of a popular psychology book, evaluating scientific accuracy and practical advice.
2835;Entertainment reviews;Compose a 200-250 word critique of a video game with moral choice systems, analyzing depth of consequences.
2836;Entertainment reviews;Write a 200-250 word review of a cold brew coffee maker, discussing flavor profile and convenience.
2837;Entertainment reviews;Create a 200-250 word assessment of a film that breaks the fourth wall, examining effectiveness of the technique.
2838;Entertainment reviews;Craft a 200-250 word review of a medical memoir, evaluating insight into healthcare challenges.
2839;Entertainment reviews;Compose a 200-250 word critique of a revival of a canceled television show, analyzing changes in style.
2840;Entertainment reviews;Write a 200-250 word review of a smart air conditioner, focusing on energy efficiency and remote control.
2841;Entertainment reviews;Create a 200-250 word assessment of a low-budget indie film that achieved critical acclaim, examining resourcefulness.
2842;Entertainment reviews;Craft a 200-250 word review of a true crime book, evaluating research thoroughness and narrative tension.
2843;Entertainment reviews;Compose a 200-250 word critique of a children's animated series, analyzing educational value and entertainment.
2844;Entertainment reviews;Write a 200-250 word review of a sustainable fashion brand, discussing quality and environmental claims.
2845;Entertainment reviews;Create a 200-250 word assessment of a film with an unreliable narrator, examining storytelling complexity.
2846;Entertainment reviews;Craft a 200-250 word review of a gardening reference book, evaluating practical instruction and organization.
2847;Entertainment reviews;Compose a 200-250 word critique of a music documentary, analyzing insight into the creative process.
2848;Entertainment reviews;Write a 200-250 word review of an ergonomic office chair, focusing on comfort during long work sessions.
2850;Entertainment reviews;Craft a 200-250 word review of a book that predicted future technology, evaluating its accuracy in hindsight.
2851;Entertainment reviews;Compose a 200-250 word critique of a mockumentary film, analyzing its satirical elements.
2852;Entertainment reviews;Write a 200-250 word review of a high-end juicer, discussing extraction efficiency and ease of cleaning.
2853;Entertainment reviews;Create a 200-250 word assessment of a film dealing with racial issues, examining sensitivity and impact.
2854;Entertainment reviews;Craft a 200-250 word review of a book about mindfulness or meditation, evaluating practical techniques.
2855;Entertainment reviews;Compose a 200-250 word critique of a behind-the-scenes television special, analyzing production insights.
2856;Entertainment reviews;Write a 200-250 word review of a multi-port charging station, focusing on convenience and power delivery.
2857;Entertainment reviews;Create a 200-250 word assessment of a film with a twist ending, examining foreshadowing without spoilers.
2858;Entertainment reviews;Craft a 200-250 word review of a book about artistic creativity, evaluating inspiration and technique guidance.
2859;Entertainment reviews;Compose a 200-250 word critique of a reality show focused on competition, analyzing stakes and drama.
2860;Entertainment reviews;Write a 200-250 word review of a smart garden system, discussing plant growth results and automation.
2861;Entertainment reviews;Create a 200-250 word assessment of a found-footage style horror film, examining immersion and believability.
2862;Entertainment reviews;Craft a 200-250 word review of a popular science book about the human brain, evaluating explanatory clarity.
2863;Entertainment reviews;Compose a 200-250 word critique of a director's final film, analyzing its place in their filmography.
2864;Entertainment reviews;Write a 200-250 word review of a language learning app, focusing on effectiveness and engagement.
2865;Entertainment reviews;Create a 200-250 word assessment of a superhero film that subverts genre conventions, examining innovation.
2866;Entertainment reviews;Craft a 200-250 word review of a book about exploring remote places, evaluating descriptive imagery.
2867;Entertainment reviews;Compose a 200-250 word critique of a fashion documentary, analyzing industry insight and visual presentation.
2868;Entertainment reviews;Write a 200-250 word review of a smart baby monitor, focusing on features and reliability.
2869;Entertainment reviews;Create a 200-250 word assessment of a film that experiments with aspect ratios, examining artistic purpose.
2870;Entertainment reviews;Craft a 200-250 word review of a book club favorite novel, evaluating discussion-generating elements.
2871;Entertainment reviews;Compose a 200-250 word critique of a celebrity-hosted food show, analyzing culinary credibility.
2872;Entertainment reviews;Write a 200-250 word review of a premium luggage set, discussing durability and organizational features.
2873;Entertainment reviews;Create a 200-250 word assessment of a film that blends animation with live action, examining seamlessness.
2875;Entertainment reviews;Compose a 200-250 word critique of a video essay channel, analyzing depth of analysis and presentation.
2876;Entertainment reviews;Write a 200-250 word review of a sous vide cooking device, focusing on results and ease of use.
2877;Entertainment reviews;Create a 200-250 word assessment of a film that takes place in real time, examining tension-building.
2878;Entertainment reviews;Craft a 200-250 word review of a book that examines internet culture, evaluating insight and currency.
2879;Entertainment reviews;Compose a 200-250 word critique of a television show's controversial season, analyzing viewer reception.
2880;Entertainment reviews;Write a 200-250 word review of a cordless stick vacuum, discussing cleaning power and battery life.
2881;Entertainment reviews;Create a 200-250 word assessment of a one-person performance film, examining acting range.
2882;Entertainment reviews;Craft a 200-250 word review of a popular relationship advice book, evaluating psychological soundness.
2883;Entertainment reviews;Compose a 200-250 word critique of a film that explores virtual reality themes, analyzing technological vision.
2884;Entertainment reviews;Write a 200-250 word review of a premium cocktail kit, focusing on ingredient quality and recipe variety.
2885;Entertainment reviews;Create a 200-250 word assessment of a documentary about climate change, examining data presentation and call to action.
2886;Entertainment reviews;Craft a 200-250 word review of a graphic memoir, evaluating visual storytelling elements.
2887;Entertainment reviews;Compose a 200-250 word critique of a reimagined classic video game, analyzing modernization choices.
2888;Entertainment reviews;Write a 200-250 word review of a portable power station, discussing capacity and charging options.
2889;Entertainment reviews;Create a 200-250 word assessment of a film with extensive practical effects, examining craftsmanship.
2890;Entertainment reviews;Craft a 200-250 word review of a book about artificial intelligence, evaluating technical accuracy and accessibility.
2891;Entertainment reviews;Compose a 200-250 word critique of a musical artist's stylistic evolution across albums, analyzing artistic growth.
2892;Entertainment reviews;Write a 200-250 word review of a high-resolution audio player, focusing on sound quality and library management.
2893;Entertainment reviews;Create a 200-250 word assessment of a film shot entirely on a smartphone, examining technical limitations.
2894;Entertainment reviews;Craft a 200-250 word review of a book that became a cultural phenomenon, evaluating its lasting impact.
2895;Entertainment reviews;Compose a 200-250 word critique of a spin-off television series, analyzing independence from source material.
2896;Entertainment reviews;Write a 200-250 word review of a smart indoor garden system, discussing harvest quality and ease of maintenance.
2897;Entertainment reviews;Create a 200-250 word assessment of a film that depicts a specific profession, examining authenticity.
2898;Entertainment reviews;Craft a 200-250 word review of a book about personal finance, evaluating practical advice for different income levels.
2899;Entertainment reviews;Compose a 200-250 word critique of a film's director's commentary, analyzing insight into creative decisions.
2900;Entertainment reviews;Write a 200-250 word review of a premium desk setup, focusing on ergonomics and productivity enhancement.
2901;Entertainment reviews;Create a 200-250 word assessment of an anthology film with multiple directors, examining cohesiveness.
2902;Entertainment reviews;Craft a 200-250 word review of a book that explores technological ethics, evaluating balanced perspective.
2903;Entertainment reviews;Compose a 200-250 word critique of a musical biopic film, analyzing accuracy versus artistic license.
2904;Entertainment reviews;Write a 200-250 word review of a smart kitchen appliance, focusing on time-saving capabilities.
2905;Entertainment reviews;Create a 200-250 word assessment of a film with controversial subject matter, examining handling of sensitive topics.
2906;Entertainment reviews;Craft a 200-250 word review of a popular science fiction series, evaluating world-building consistency.
2907;Entertainment reviews;Compose a 200-250 word critique of a food delivery subscription service, analyzing quality and value.
2908;Entertainment reviews;Write a 200-250 word review of a digital drawing tablet, focusing on precision and software integration.
2909;Entertainment reviews;Create a 200-250 word assessment of a film that explores grief or loss, examining emotional authenticity.
2910;Entertainment reviews;Craft a 200-250 word review of a book written by a journalist about a current event, evaluating objectivity.
2911;Entertainment reviews;Compose a 200-250 word critique of a podcast interview series, analyzing questioning depth and guest selection.
2913;Entertainment reviews;Create a 200-250 word assessment of a film that uses color symbolically, examining visual storytelling.
2914;Entertainment reviews;Craft a 200-250 word review of a book about the creative process, evaluating inspirational value.
2915;Entertainment reviews;Compose a 200-250 word critique of a television series based on a comic book, analyzing adaptation choices.
2916;Entertainment reviews;Write a 200-250 word review of a smart pet feeder, focusing on reliability and convenience features.
2917;Entertainment reviews;Create a 200-250 word assessment of a film with minimal special effects, examining focus on character development.
2918;Entertainment reviews;Craft a 200-250 word review of a book that examines a historical turning point, evaluating historical context.
2919;Entertainment reviews;Compose a 200-250 word critique of a cooking competition show, analyzing judging criteria and contestant selection.
2920;Entertainment reviews;Write a 200-250 word review of a compact home gym system, focusing on versatility and space efficiency.
2921;Entertainment reviews;Create a 200-250 word assessment of a film that relies heavily on improvisation, examining spontaneity.
2922;Entertainment reviews;Craft a 200-250 word review of a book about urban planning or architecture, evaluating visual elements.
2923;Entertainment reviews;Compose a 200-250 word critique of a celebrity interview podcast, analyzing conversational depth.
2924;Entertainment reviews;Write a 200-250 word review of an instant camera, focusing on print quality and special features.
2925;Entertainment reviews;Create a 200-250 word assessment of a film made during pandemic restrictions, examining creative solutions.
2926;Entertainment reviews;Craft a 200-250 word review of a book about digital privacy, evaluating practical protection strategies.
2927;Entertainment reviews;Compose a 200-250 word critique of a video game soundtrack, analyzing atmospheric contribution.
2928;Entertainment reviews;Write a 200-250 word review of a weighted blanket, focusing on comfort and anxiety reduction claims.
2929;Entertainment reviews;Create a 200-250 word assessment of a film that explores family dynamics, examining relational authenticity.
2930;Entertainment reviews;Craft a 200-250 word review of a book that examines the history of a specific technology, evaluating historical accuracy.
2931;Entertainment reviews;Compose a 200-250 word critique of a television show's season premiere, analyzing setup for the season arc.
2932;Entertainment reviews;Write a 200-250 word review of a smart alarm system, focusing on security features and ease of installation.
2933;Entertainment reviews;Create a 200-250 word assessment of a documentary about a subculture, examining insider access.
2934;Entertainment reviews;Craft a 200-250 word review of a popular history book, evaluating narrative engagement and accuracy.
2935;Entertainment reviews;Compose a 200-250 word critique of a film's use of a specific filming technique, analyzing artistic purpose.
2936;Entertainment reviews;Write a 200-250 word review of a premium water filter, focusing on contaminant removal and taste improvement.
2937;Entertainment reviews;Create a 200-250 word assessment of a streaming service original film, examining production quality.
2938;Entertainment reviews;Craft a 200-250 word review of a book that examines social media's impact, evaluating balanced perspective.
2939;Entertainment reviews;Compose a 200-250 word critique of a celebrity-produced documentary, analyzing objectivity versus advocacy.
2940;Entertainment reviews;Write a 200-250 word review of a smart home hub, focusing on device compatibility and automation capabilities.
2941;Entertainment reviews;Create a 200-250 word assessment of a film about an artistic process, examining authenticity of creation scenes.
2942;Entertainment reviews;Craft a 200-250 word review of a historical novel based on a lesser-known event, evaluating educational value.
2943;Entertainment reviews;Compose a 200-250 word critique of a television series finale that divided fans, analyzing satisfaction factors.
2944;Entertainment reviews;Write a 200-250 word review of a premium hair styling tool, focusing on results and hair damage protection.
2945;Entertainment reviews;Create a 200-250 word assessment of a film shot in an unusual aspect ratio, examining artistic purpose.
2946;Entertainment reviews;Craft a 200-250 word review of a book about wilderness survival, evaluating practical information.
2947;Entertainment reviews;Compose a 200-250 word critique of a public figure's documentary series, analyzing self-presentation.
2948;Entertainment reviews;Write a 200-250 word review of a UV sanitizer device, focusing on effectiveness and convenience.
2949;Entertainment reviews;Create a 200-250 word assessment of a micro-budget film that received critical praise, examining resourcefulness.
2950;Entertainment reviews;Craft a 200-250 word review of a book that predicts future technology trends, evaluating plausibility.
2951;Entertainment reviews;Compose a 200-250 word critique of a reimagined film franchise, analyzing respect for source material.
2952;Entertainment reviews;Write a 200-250 word review of a productivity app subscription, focusing on feature set and user interface.
2954;Entertainment reviews;Craft a 200-250 word review of a book about environmental conservation, evaluating call to action.
2955;Entertainment reviews;Compose a 200-250 word critique of a long-form investigative journalism podcast, analyzing research depth.
2956;Entertainment reviews;Write a 200-250 word review of a high-end blender for smoothies, focusing on texture and power.
2957;Entertainment reviews;Create a 200-250 word assessment of a film with extensive use of metaphor, examining symbolic layers.
2958;Entertainment reviews;Craft a 200-250 word review of a book about a scientific discovery, evaluating explanatory clarity.
2959;Entertainment reviews;Compose a 200-250 word critique of a television show's handling of a social issue, analyzing sensitivity.
2960;Entertainment reviews;Write a 200-250 word review of a home weather station, focusing on accuracy and data presentation.
2961;Entertainment reviews;Create a 200-250 word assessment of a film with a predominantly non-professional cast, examining authenticity.
2962;Entertainment reviews;Craft a 200-250 word review of a book about cognitive biases, evaluating practical applications.
2963;Entertainment reviews;Compose a 200-250 word critique of a video game's narrative design, analyzing player agency versus story.
2964;Entertainment reviews;Write a 200-250 word review of a smart sleep tracking device, focusing on insights and accuracy.
2965;Entertainment reviews;Create a 200-250 word assessment of a film shot with a specific color palette, examining emotional tone.
2966;Entertainment reviews;Craft a 200-250 word review of a book about modern romance and dating, evaluating contemporary relevance.
2967;Entertainment reviews;Compose a 200-250 word critique of a major franchise crossover event, analyzing fan service versus story.
2968;Entertainment reviews;Write a 200-250 word review of a portable projector, focusing on image quality and convenience.
2969;Entertainment reviews;Create a 200-250 word assessment of a film that discusses a philosophical concept, examining accessibility.
2970;Entertainment reviews;Craft a 200-250 word review of a book written by a scientist for general audiences, evaluating clarity.
2971;Entertainment reviews;Compose a 200-250 word critique of a television adaptation of a video game, analyzing medium translation.
2972;Entertainment reviews;Write a 200-250 word review of a premium yoga mat, focusing on grip and durability.
2973;Entertainment reviews;Create a 200-250 word assessment of a film told from multiple perspectives, examining narrative complexity.
2974;Entertainment reviews;Craft a 200-250 word review of a book about entrepreneurship, evaluating practical advice for startups.
2975;Entertainment reviews;Compose a 200-250 word critique of a true story adaptation, analyzing factual liberties taken.
2976;Entertainment reviews;Write a 200-250 word review of a cold press juicer, focusing on juice quality and yield.
2977;Entertainment reviews;Create a 200-250 word assessment of a director's first feature film, examining promise and technique.
2978;Entertainment reviews;Craft a 200-250 word review of a parenting advice book, evaluating practical implementation guidance.
2979;Entertainment reviews;Compose a 200-250 word critique of a video game remaster, analyzing modernization choices.
2980;Entertainment reviews;Write a 200-250 word review of a WiFi mesh system, focusing on coverage and ease of setup.
2981;Entertainment reviews;Create a 200-250 word assessment of a film with an ambiguous ending, examining interpretive possibilities.
2982;Entertainment reviews;Craft a 200-250 word review of a book about digital minimalism, evaluating practical strategies.
2983;Entertainment reviews;Compose a 200-250 word critique of a musical performance film, analyzing cinematic presentation.
2984;Entertainment reviews;Write a 200-250 word review of a premium skincare device, focusing on results and value.
2985;Entertainment reviews;Create a 200-250 word assessment of a film shot in black and white in the modern era, examining artistic choice.
2986;Entertainment reviews;Craft a 200-250 word review of a book that examines food culture, evaluating cultural sensitivity.
2987;Entertainment reviews;Compose a 200-250 word critique of a documentary about an artistic medium, analyzing educational value.
2988;Entertainment reviews;Write a 200-250 word review of a premium set of kitchen knives, focusing on performance and value.
2989;Entertainment reviews;Create a 200-250 word assessment of a film with a non-chronological narrative, examining clarity.
2990;Entertainment reviews;Craft a 200-250 word review of a book about sleep science, evaluating practical advice for better rest.
2991;Entertainment reviews;Compose a 200-250 word critique of a video game's music composition, analyzing emotional impact.
2992;Entertainment reviews;Write a 200-250 word review of a travel accessory set, focusing on practicality and durability.
2993;Entertainment reviews;Create a 200-250 word assessment of a film that explores addiction, examining sensitivity and accuracy.
2995;Entertainment reviews;Compose a 200-250 word critique of a television show's visual effects, analyzing technical quality.
2996;Entertainment reviews;Write a 200-250 word review of a home bread maker, focusing on results and ease of use.
2997;Entertainment reviews;Create a 200-250 word assessment of a debut film from an established actor-turned-director, examining directorial voice.
2998;Entertainment reviews;Craft a 200-250 word review of a book about improving focus in the digital age, evaluating practical strategies.
2999;Entertainment reviews;Compose a 200-250 word critique of a music biopic, analyzing historical accuracy and performance quality.
3000;Entertainment reviews;Write a 200-250 word review of a premium fountain pen, focusing on writing experience and craftsmanship.
